AFFOLABI DISSOU,ODOUN MATHIEU,{'weight': 6.0}
AFFOLABI DISSOU,SANOUSSI NDIRA,{'weight': 4.0}
AFFOLABI DISSOU,MARTIN ANANDI,{'weight': 3.0}
AFFOLABI DISSOU,PALOMINO JUAN CARLOS,{'weight': 3.0}
AFFOLABI DISSOU,KESTENS LUC,{'weight': 4.0}
AFFOLABI DISSOU,ANAGONOU SEVERIN,{'weight': 10.0}
AFFOLABI DISSOU,PORTAELS FRANCOISE,{'weight': 5.0}
AFFOLABI DISSOU,ADE SERGE,{'weight': 4.0}
AFFOLABI DISSOU,HARRIES ANTHONY D,{'weight': 3.0}
AFFOLABI DISSOU,TREBUCQ ARNAUD,{'weight': 5.0}
AFFOLABI DISSOU,HINDERAKER SVEN GUDMUND,{'weight': 1.0}
AFFOLABI DISSOU,ADE GABRIEL,{'weight': 4.0}
AFFOLABI DISSOU,AGODOKPESSI GILDAS,{'weight': 4.0}
AFFOLABI DISSOU,MERLE CORINNE S C,{'weight': 2.0}
AFFOLABI DISSOU,GNINAFON MARTIN,{'weight': 5.0}
AFFOLABI DISSOU,BAHSOW OUMOU,{'weight': 1.0}
AFFOLABI DISSOU,OLLIARO PIERO L,{'weight': 1.0}
AFFOLABI DISSOU,MCILLERON HELEN,{'weight': 1.0}
AFFOLABI DISSOU,WACHINOU PRUDENCE,{'weight': 4.0}
AFFOLABI DISSOU,SENOU N,{'weight': 1.0}
AFFOLABI DISSOU,LIGALI M ALI,{'weight': 1.0}
AFFOLABI DISSOU,VAN DEUN A,{'weight': 1.0}
AFFOLABI DISSOU,FAIHUN FRANK,{'weight': 4.0}
AFFOLABI DISSOU,ANYO GLADYS,{'weight': 2.0}
AFFOLABI DISSOU,SHAMPUTA ISDORE CHOLA,{'weight': 2.0}
AFFOLABI DISSOU,RIGOUTS LEEN,{'weight': 3.0}
AFFOLABI DISSOU,NDIAYE ALIMATOU,{'weight': 1.0}
AFFOLABI DISSOU,DE JONG BOUKE C,{'weight': 4.0}
AFFOLABI DISSOU,FLOYD S,{'weight': 1.0}
AFFOLABI DISSOU,GALPERINE T,{'weight': 1.0}
AFFOLABI DISSOU,FURCO A,{'weight': 1.0}
AFFOLABI DISSOU,SARR MARIE,{'weight': 2.0}
AFFOLABI DISSOU,GEHRE FLORIAN,{'weight': 2.0}
AFFOLABI DISSOU,DE RIJK PIM,{'weight': 2.0}
AFFOLABI DISSOU,UWIZEYE CECILE,{'weight': 2.0}
AFFOLABI DISSOU,LINGOUPOU FANNY M,{'weight': 1.0}
AFFOLABI DISSOU,BARRY MAMADOU DIAN,{'weight': 1.0}
AFFOLABI DISSOU,SOW OUMOU,{'weight': 1.0}
AFFOLABI DISSOU,BA FATOUMATA,{'weight': 1.0}
AFFOLABI DISSOU,PIUBELLO ALBERTO,{'weight': 1.0}
AFFOLABI DISSOU,ANTONIO MARTIN,{'weight': 2.0}
AFFOLABI DISSOU,AKPONA R,{'weight': 1.0}
AFFOLABI DISSOU,ALIDJINOU K,{'weight': 1.0}
AFFOLABI DISSOU,ANDRE E,{'weight': 1.0}
AFFOLABI DISSOU,ALAGNA R,{'weight': 1.0}
AFFOLABI DISSOU,BROCKMANN D,{'weight': 1.0}
AFFOLABI DISSOU,CAMBAU E,{'weight': 1.0}
AFFOLABI DISSOU,CHURCHYARD G,{'weight': 1.0}
AFFOLABI DISSOU,COHEN T,{'weight': 1.0}
AFFOLABI DISSOU,DELMEE M,{'weight': 1.0}
AFFOLABI DISSOU,FARHAT M,{'weight': 1.0}
AFFOLABI DISSOU,HABIB A,{'weight': 1.0}
AFFOLABI DISSOU,HOLME R,{'weight': 1.0}
AFFOLABI DISSOU,KESHAVJEE S,{'weight': 1.0}
AFFOLABI DISSOU,KHAN A,{'weight': 1.0}
AFFOLABI DISSOU,LIGHTFOOT P,{'weight': 1.0}
AFFOLABI DISSOU,MOORE D,{'weight': 1.0}
AFFOLABI DISSOU,MORENO Y,{'weight': 1.0}
AFFOLABI DISSOU,MUNDADE Y,{'weight': 1.0}
AFFOLABI DISSOU,PAI M,{'weight': 1.0}
AFFOLABI DISSOU,PATEL S,{'weight': 1.0}
AFFOLABI DISSOU,NYARUHIRIRA A U,{'weight': 1.0}
AFFOLABI DISSOU,ROCHA L E C,{'weight': 1.0}
AFFOLABI DISSOU,TAKLE J,{'weight': 1.0}
AFFOLABI DISSOU,CRESWELL J,{'weight': 1.0}
AFFOLABI DISSOU,BOEHME C,{'weight': 1.0}
AFFOLABI DISSOU,IMPERIALE BELEN,{'weight': 1.0}
AFFOLABI DISSOU,RAVOLONANDRIANA PASCALINE,{'weight': 1.0}
AFFOLABI DISSOU,COBAN AHMET YILMAZ,{'weight': 1.0}
AFFOLABI DISSOU,AKGUNES ALPER,{'weight': 1.0}
AFFOLABI DISSOU,IKRAM AAMER,{'weight': 1.0}
AFFOLABI DISSOU,SATTI LUQMAN,{'weight': 1.0}
AFFOLABI DISSOU,PANDEY POOJA,{'weight': 1.0}
AFFOLABI DISSOU,MISHRA MANVI,{'weight': 1.0}
AFFOLABI DISSOU,SINGH URVASHI,{'weight': 1.0}
AFFOLABI DISSOU,RASOLOFO VOAHANGY,{'weight': 1.0}
AFFOLABI DISSOU,MORCILLO NORA,{'weight': 1.0}
AFFOLABI DISSOU,AWOKOU FANTCHE,{'weight': 1.0}
AFFOLABI DISSOU,NOLNA DESIRE,{'weight': 1.0}
AFFOLABI DISSOU,MANOUAN BILE ADOU PHILIPPE,{'weight': 1.0}
AFFOLABI DISSOU,ACHO YAPO BLAISE,{'weight': 1.0}
AFFOLABI DISSOU,TORREA G,{'weight': 1.0}
AFFOLABI DISSOU,GLYNN J,{'weight': 1.0}
AFFOLABI DISSOU,EJO MEBRAT,{'weight': 1.0}
AFFOLABI DISSOU,FISSETTE KRISTINA,{'weight': 1.0}
AFFOLABI DISSOU,NDUWAMAHORO ELIE,{'weight': 1.0}
AFFOLABI DISSOU,GOOVAERTS ODIN,{'weight': 1.0}
AFFOLABI DISSOU,NOESKE JUERGEN,{'weight': 1.0}
AFFOLABI DISSOU,ADJAGBA O A B G,{'weight': 1.0}
AFFOLABI DISSOU,TANIMOMOKLEDJO B,{'weight': 1.0}
AFFOLABI DISSOU,ANAGONOU S Y,{'weight': 1.0}
AFFOLABI DISSOU,TOUNDOH N,{'weight': 1.0}
AFFOLABI DISSOU,BEKOU W,{'weight': 1.0}
AFFOLABI DISSOU,MAKPENON A,{'weight': 1.0}
AFFOLABI DISSOU,KOUKPEMEDJI LOUIS,{'weight': 1.0}
AFFOLABI DISSOU,ISAACS C,{'weight': 1.0}
AFFOLABI DISSOU,DELVENNE J C,{'weight': 1.0}
AFFOLABI DISSOU,VANDAMME PETER,{'weight': 1.0}
AFFOLABI DISSOU,ROBERT JEROME,{'weight': 1.0}
ODOUN MATHIEU,SANOUSSI NDIRA,{'weight': 2.0}
ODOUN MATHIEU,MARTIN ANANDI,{'weight': 3.0}
ODOUN MATHIEU,PALOMINO JUAN CARLOS,{'weight': 3.0}
ODOUN MATHIEU,KESTENS LUC,{'weight': 2.0}
ODOUN MATHIEU,ANAGONOU SEVERIN,{'weight': 4.0}
ODOUN MATHIEU,PORTAELS FRANCOISE,{'weight': 2.0}
ODOUN MATHIEU,TREBUCQ ARNAUD,{'weight': 1.0}
ODOUN MATHIEU,GNINAFON MARTIN,{'weight': 1.0}
ODOUN MATHIEU,WACHINOU PRUDENCE,{'weight': 1.0}
ODOUN MATHIEU,SENOU N,{'weight': 1.0}
ODOUN MATHIEU,LIGALI M ALI,{'weight': 1.0}
ODOUN MATHIEU,VAN DEUN A,{'weight': 1.0}
ODOUN MATHIEU,FAIHUN FRANK,{'weight': 1.0}
ODOUN MATHIEU,KOUKPEMEDJI LOUIS,{'weight': 1.0}
ODOUN MATHIEU,VANDAMME PETER,{'weight': 1.0}
ODOUN MATHIEU,TORREA G,{'weight': 1.0}
ODOUN MATHIEU,DE JONG BOUKE C,{'weight': 1.0}
ODOUN MATHIEU,GEHRE FLORIAN,{'weight': 1.0}
ODOUN MATHIEU,DE RIJK PIM,{'weight': 1.0}
ODOUN MATHIEU,UWIZEYE CECILE,{'weight': 1.0}
ODOUN MATHIEU,ANTONIO MARTIN,{'weight': 1.0}
ODOUN MATHIEU,AKPONA R,{'weight': 1.0}
ODOUN MATHIEU,ALIDJINOU K,{'weight': 1.0}
ODOUN MATHIEU,IMPERIALE BELEN,{'weight': 1.0}
ODOUN MATHIEU,RAVOLONANDRIANA PASCALINE,{'weight': 1.0}
ODOUN MATHIEU,COBAN AHMET YILMAZ,{'weight': 1.0}
ODOUN MATHIEU,AKGUNES ALPER,{'weight': 1.0}
ODOUN MATHIEU,IKRAM AAMER,{'weight': 1.0}
ODOUN MATHIEU,SATTI LUQMAN,{'weight': 1.0}
ODOUN MATHIEU,PANDEY POOJA,{'weight': 1.0}
ODOUN MATHIEU,MISHRA MANVI,{'weight': 1.0}
ODOUN MATHIEU,SINGH URVASHI,{'weight': 1.0}
ODOUN MATHIEU,RASOLOFO VOAHANGY,{'weight': 1.0}
ODOUN MATHIEU,MORCILLO NORA,{'weight': 1.0}
SANOUSSI NDIRA,ANYO GLADYS,{'weight': 2.0}
SANOUSSI NDIRA,MARTIN ANANDI,{'weight': 2.0}
SANOUSSI NDIRA,PALOMINO JUAN CARLOS,{'weight': 2.0}
SANOUSSI NDIRA,KESTENS LUC,{'weight': 4.0}
SANOUSSI NDIRA,ANAGONOU SEVERIN,{'weight': 4.0}
SANOUSSI NDIRA,PORTAELS FRANCOISE,{'weight': 4.0}
SANOUSSI NDIRA,KOUKPEMEDJI LOUIS,{'weight': 1.0}
SANOUSSI NDIRA,SHAMPUTA ISDORE CHOLA,{'weight': 2.0}
SANOUSSI NDIRA,RIGOUTS LEEN,{'weight': 2.0}
SANOUSSI NDIRA,FAIHUN FRANK,{'weight': 2.0}
MARTIN ANANDI,PALOMINO JUAN CARLOS,{'weight': 3.0}
MARTIN ANANDI,KESTENS LUC,{'weight': 2.0}
MARTIN ANANDI,ANAGONOU SEVERIN,{'weight': 2.0}
MARTIN ANANDI,PORTAELS FRANCOISE,{'weight': 2.0}
MARTIN ANANDI,VANDAMME PETER,{'weight': 1.0}
MARTIN ANANDI,KOUKPEMEDJI LOUIS,{'weight': 1.0}
MARTIN ANANDI,IMPERIALE BELEN,{'weight': 1.0}
MARTIN ANANDI,RAVOLONANDRIANA PASCALINE,{'weight': 1.0}
MARTIN ANANDI,COBAN AHMET YILMAZ,{'weight': 1.0}
MARTIN ANANDI,AKGUNES ALPER,{'weight': 1.0}
MARTIN ANANDI,IKRAM AAMER,{'weight': 1.0}
MARTIN ANANDI,SATTI LUQMAN,{'weight': 1.0}
MARTIN ANANDI,PANDEY POOJA,{'weight': 1.0}
MARTIN ANANDI,MISHRA MANVI,{'weight': 1.0}
MARTIN ANANDI,SINGH URVASHI,{'weight': 1.0}
MARTIN ANANDI,RASOLOFO VOAHANGY,{'weight': 1.0}
MARTIN ANANDI,MORCILLO NORA,{'weight': 1.0}
PALOMINO JUAN CARLOS,KESTENS LUC,{'weight': 2.0}
PALOMINO JUAN CARLOS,ANAGONOU SEVERIN,{'weight': 2.0}
PALOMINO JUAN CARLOS,PORTAELS FRANCOISE,{'weight': 2.0}
PALOMINO JUAN CARLOS,VANDAMME PETER,{'weight': 1.0}
PALOMINO JUAN CARLOS,KOUKPEMEDJI LOUIS,{'weight': 1.0}
PALOMINO JUAN CARLOS,IMPERIALE BELEN,{'weight': 1.0}
PALOMINO JUAN CARLOS,RAVOLONANDRIANA PASCALINE,{'weight': 1.0}
PALOMINO JUAN CARLOS,COBAN AHMET YILMAZ,{'weight': 1.0}
PALOMINO JUAN CARLOS,AKGUNES ALPER,{'weight': 1.0}
PALOMINO JUAN CARLOS,IKRAM AAMER,{'weight': 1.0}
PALOMINO JUAN CARLOS,SATTI LUQMAN,{'weight': 1.0}
PALOMINO JUAN CARLOS,PANDEY POOJA,{'weight': 1.0}
PALOMINO JUAN CARLOS,MISHRA MANVI,{'weight': 1.0}
PALOMINO JUAN CARLOS,SINGH URVASHI,{'weight': 1.0}
PALOMINO JUAN CARLOS,RASOLOFO VOAHANGY,{'weight': 1.0}
PALOMINO JUAN CARLOS,MORCILLO NORA,{'weight': 1.0}
KESTENS LUC,ANAGONOU SEVERIN,{'weight': 4.0}
KESTENS LUC,FAIHUN FRANK,{'weight': 2.0}
KESTENS LUC,PORTAELS FRANCOISE,{'weight': 4.0}
KESTENS LUC,ANYO GLADYS,{'weight': 2.0}
KESTENS LUC,SHAMPUTA ISDORE CHOLA,{'weight': 2.0}
KESTENS LUC,KOUKPEMEDJI LOUIS,{'weight': 1.0}
KESTENS LUC,RIGOUTS LEEN,{'weight': 2.0}
ANAGONOU SEVERIN,PORTAELS FRANCOISE,{'weight': 4.0}
ANAGONOU SEVERIN,ADE SERGE,{'weight': 5.0}
ANAGONOU SEVERIN,HARRIES ANTHONY D,{'weight': 4.0}
ANAGONOU SEVERIN,TREBUCQ ARNAUD,{'weight': 5.0}
ANAGONOU SEVERIN,HINDERAKER SVEN GUDMUND,{'weight': 1.0}
ANAGONOU SEVERIN,ADE GABRIEL,{'weight': 5.0}
ANAGONOU SEVERIN,AGODOKPESSI GILDAS,{'weight': 5.0}
ANAGONOU SEVERIN,MASSEREY E,{'weight': 1.0}
ANAGONOU SEVERIN,ADJONOU CHRISTINE,{'weight': 2.0}
ANAGONOU SEVERIN,GBENAGNON G,{'weight': 1.0}
ANAGONOU SEVERIN,SCHWOEBEL V,{'weight': 1.0}
ANAGONOU SEVERIN,ZELLWEGER J P,{'weight': 1.0}
ANAGONOU SEVERIN,HOUNNANKAN ATHANASE COSSI,{'weight': 1.0}
ANAGONOU SEVERIN,GNINAFON MARTIN,{'weight': 4.0}
ANAGONOU SEVERIN,ADJOBIMEY M,{'weight': 1.0}
ANAGONOU SEVERIN,WACHINOU PRUDENCE,{'weight': 4.0}
ANAGONOU SEVERIN,SENOU N,{'weight': 1.0}
ANAGONOU SEVERIN,LIGALI M ALI,{'weight': 1.0}
ANAGONOU SEVERIN,VAN DEUN A,{'weight': 1.0}
ANAGONOU SEVERIN,FAIHUN FRANK,{'weight': 3.0}
ANAGONOU SEVERIN,ANYO GLADYS,{'weight': 2.0}
ANAGONOU SEVERIN,SHAMPUTA ISDORE CHOLA,{'weight': 2.0}
ANAGONOU SEVERIN,RIGOUTS LEEN,{'weight': 2.0}
ANAGONOU SEVERIN,LAOKRI SAMIA,{'weight': 2.0}
ANAGONOU SEVERIN,KASSA FERDINAND,{'weight': 2.0}
ANAGONOU SEVERIN,DUJARDIN BRUNO,{'weight': 2.0}
ANAGONOU SEVERIN,AMOUSSOUHUI ARNAUD,{'weight': 1.0}
ANAGONOU SEVERIN,TORREA G,{'weight': 1.0}
ANAGONOU SEVERIN,DRAMAIXWILMET MICHELE,{'weight': 1.0}
ANAGONOU SEVERIN,TOUNDOH N,{'weight': 1.0}
ANAGONOU SEVERIN,BEKOU W,{'weight': 1.0}
ANAGONOU SEVERIN,AKPONA R,{'weight': 1.0}
ANAGONOU SEVERIN,ALIDJINOU K,{'weight': 1.0}
ANAGONOU SEVERIN,TAWO LEON,{'weight': 1.0}
ANAGONOU SEVERIN,LAMBREGTS K,{'weight': 1.0}
ANAGONOU SEVERIN,KOUKPEMEDJI LOUIS,{'weight': 1.0}
ANAGONOU SEVERIN,OUENDO EDGARD M,{'weight': 1.0}
ANAGONOU SEVERIN,BOULAHBAL F,{'weight': 1.0}
ANAGONOU SEVERIN,MAKPENON A,{'weight': 1.0}
ANAGONOU SEVERIN,AZON SOPHIE,{'weight': 1.0}
PORTAELS FRANCOISE,OLLIARO PIERO L,{'weight': 1.0}
PORTAELS FRANCOISE,MERLE CORINNE S C,{'weight': 1.0}
PORTAELS FRANCOISE,RUSTOMJEE ROXANA,{'weight': 1.0}
PORTAELS FRANCOISE,GNINAFON MARTIN,{'weight': 2.0}
PORTAELS FRANCOISE,ADJAGBA O A B G,{'weight': 1.0}
PORTAELS FRANCOISE,TANIMOMOKLEDJO B,{'weight': 1.0}
PORTAELS FRANCOISE,ANAGONOU S Y,{'weight': 1.0}
PORTAELS FRANCOISE,LIENHARDT CHRISTIAN,{'weight': 1.0}
PORTAELS FRANCOISE,LO MAME BOCAR,{'weight': 1.0}
PORTAELS FRANCOISE,HORTON JOHN,{'weight': 1.0}
PORTAELS FRANCOISE,FAIHUN FRANK,{'weight': 2.0}
PORTAELS FRANCOISE,ANYO GLADYS,{'weight': 2.0}
PORTAELS FRANCOISE,SHAMPUTA ISDORE CHOLA,{'weight': 2.0}
PORTAELS FRANCOISE,RIGOUTS LEEN,{'weight': 2.0}
PORTAELS FRANCOISE,FIELDING KATHERINE,{'weight': 1.0}
PORTAELS FRANCOISE,SOW OUMOU BAH,{'weight': 1.0}
PORTAELS FRANCOISE,ODHIAMBO JOSEPH,{'weight': 1.0}
PORTAELS FRANCOISE,PERRONNE CHRISTIAN,{'weight': 1.0}
PORTAELS FRANCOISE,SISMANIDIS CHARALAMBOS,{'weight': 1.0}
PORTAELS FRANCOISE,LAPUJADE OLIVIER,{'weight': 1.0}
PORTAELS FRANCOISE,MITCHINSON DENIS A,{'weight': 1.0}
PORTAELS FRANCOISE,KOUKPEMEDJI LOUIS,{'weight': 1.0}
ADE SERGE,FAIHUN FRANK,{'weight': 1.0}
ADE SERGE,NGAHANE B H MBATCHOU,{'weight': 1.0}
ADE SERGE,BOHISSOU F,{'weight': 1.0}
ADE SERGE,MAKPENON A,{'weight': 1.0}
ADE SERGE,TOUNDOH N,{'weight': 1.0}
ADE SERGE,HARRIES ANTHONY D,{'weight': 5.0}
ADE SERGE,TREBUCQ ARNAUD,{'weight': 3.0}
ADE SERGE,HINDERAKER SVEN GUDMUND,{'weight': 1.0}
ADE SERGE,ADE GABRIEL,{'weight': 6.0}
ADE SERGE,AGODOKPESSI GILDAS,{'weight': 6.0}
ADE SERGE,CASTRO J L,{'weight': 1.0}
ADE SERGE,SCHLUGER N W,{'weight': 1.0}
ADE SERGE,HOA N B,{'weight': 1.0}
ADE SERGE,BURNEY P,{'weight': 1.0}
ADE SERGE,AZON SOPHIE,{'weight': 1.0}
ADE SERGE,BEKOU W,{'weight': 1.0}
ADE SERGE,ADJONOU CHRISTINE,{'weight': 1.0}
ADE SERGE,WACHINOU PRUDENCE,{'weight': 4.0}
ADE SERGE,GNINAFON MARTIN,{'weight': 2.0}
HARRIES ANTHONY D,MAKPENON A,{'weight': 1.0}
HARRIES ANTHONY D,HINDERAKER SVEN GUDMUND,{'weight': 1.0}
HARRIES ANTHONY D,FAIHUN FRANK,{'weight': 1.0}
HARRIES ANTHONY D,ADE GABRIEL,{'weight': 4.0}
HARRIES ANTHONY D,TREBUCQ ARNAUD,{'weight': 3.0}
HARRIES ANTHONY D,BURNEY P,{'weight': 1.0}
HARRIES ANTHONY D,HOA N B,{'weight': 1.0}
HARRIES ANTHONY D,AGODOKPESSI GILDAS,{'weight': 4.0}
HARRIES ANTHONY D,CASTRO J L,{'weight': 1.0}
HARRIES ANTHONY D,SCHLUGER N W,{'weight': 1.0}
HARRIES ANTHONY D,AZON SOPHIE,{'weight': 1.0}
HARRIES ANTHONY D,BEKOU W,{'weight': 1.0}
HARRIES ANTHONY D,ADJONOU CHRISTINE,{'weight': 1.0}
HARRIES ANTHONY D,WACHINOU PRUDENCE,{'weight': 2.0}
HARRIES ANTHONY D,TOUNDOH N,{'weight': 1.0}
TREBUCQ ARNAUD,DLODLO R A,{'weight': 2.0}
TREBUCQ ARNAUD,CAPOCHICHI D,{'weight': 2.0}
TREBUCQ ARNAUD,ADE GABRIEL,{'weight': 3.0}
TREBUCQ ARNAUD,AGODOKPESSI GILDAS,{'weight': 3.0}
TREBUCQ ARNAUD,AITKHALED N,{'weight': 1.0}
TREBUCQ ARNAUD,LOUIS JP,{'weight': 1.0}
TREBUCQ ARNAUD,ZELLWEGER J P,{'weight': 1.0}
TREBUCQ ARNAUD,GNINAFON MARTIN,{'weight': 9.0}
TREBUCQ ARNAUD,MONTEIRO GR,{'weight': 1.0}
TREBUCQ ARNAUD,WACHINOU PRUDENCE,{'weight': 2.0}
TREBUCQ ARNAUD,SHANG H,{'weight': 1.0}
TREBUCQ ARNAUD,ISAACS C,{'weight': 1.0}
TREBUCQ ARNAUD,DELVENNE J C,{'weight': 1.0}
TREBUCQ ARNAUD,BOULAHBAL F,{'weight': 1.0}
TREBUCQ ARNAUD,KASSA FERDINAND,{'weight': 2.0}
TREBUCQ ARNAUD,AZON SOPHIE,{'weight': 1.0}
TREBUCQ ARNAUD,ROBERT JEROME,{'weight': 1.0}
TREBUCQ ARNAUD,DE JONG BOUKE C,{'weight': 1.0}
TREBUCQ ARNAUD,ACHO YAPO BLAISE,{'weight': 1.0}
TREBUCQ ARNAUD,FERROUSSIER O,{'weight': 2.0}
TREBUCQ ARNAUD,HINDERAKER SVEN GUDMUND,{'weight': 1.0}
TREBUCQ ARNAUD,RIEDER H L,{'weight': 1.0}
TREBUCQ ARNAUD,AKPONA R,{'weight': 1.0}
TREBUCQ ARNAUD,ALIDJINOU K,{'weight': 1.0}
TREBUCQ ARNAUD,TAWO LEON,{'weight': 1.0}
TREBUCQ ARNAUD,LAMBREGTS K,{'weight': 3.0}
TREBUCQ ARNAUD,ANDRE E,{'weight': 1.0}
TREBUCQ ARNAUD,FUJIWARA P I,{'weight': 2.0}
TREBUCQ ARNAUD,ALAGNA R,{'weight': 1.0}
TREBUCQ ARNAUD,BROCKMANN D,{'weight': 1.0}
TREBUCQ ARNAUD,CAMBAU E,{'weight': 1.0}
TREBUCQ ARNAUD,CHURCHYARD G,{'weight': 1.0}
TREBUCQ ARNAUD,COHEN T,{'weight': 1.0}
TREBUCQ ARNAUD,DELMEE M,{'weight': 1.0}
TREBUCQ ARNAUD,FARHAT M,{'weight': 1.0}
TREBUCQ ARNAUD,HABIB A,{'weight': 1.0}
TREBUCQ ARNAUD,HOLME R,{'weight': 1.0}
TREBUCQ ARNAUD,KESHAVJEE S,{'weight': 1.0}
TREBUCQ ARNAUD,KHAN A,{'weight': 1.0}
TREBUCQ ARNAUD,LIGHTFOOT P,{'weight': 1.0}
TREBUCQ ARNAUD,MOORE D,{'weight': 1.0}
TREBUCQ ARNAUD,MORENO Y,{'weight': 1.0}
TREBUCQ ARNAUD,MUNDADE Y,{'weight': 1.0}
TREBUCQ ARNAUD,PAI M,{'weight': 1.0}
TREBUCQ ARNAUD,PATEL S,{'weight': 1.0}
TREBUCQ ARNAUD,NYARUHIRIRA A U,{'weight': 1.0}
TREBUCQ ARNAUD,ROCHA L E C,{'weight': 1.0}
TREBUCQ ARNAUD,TAKLE J,{'weight': 1.0}
TREBUCQ ARNAUD,CRESWELL J,{'weight': 1.0}
TREBUCQ ARNAUD,BOEHME C,{'weight': 1.0}
TREBUCQ ARNAUD,ADJONOU CHRISTINE,{'weight': 1.0}
TREBUCQ ARNAUD,ZELLWEGER JR,{'weight': 1.0}
TREBUCQ ARNAUD,BOILLOT F,{'weight': 2.0}
TREBUCQ ARNAUD,AWOKOU FANTCHE,{'weight': 1.0}
TREBUCQ ARNAUD,NOLNA DESIRE,{'weight': 1.0}
TREBUCQ ARNAUD,MANOUAN BILE ADOU PHILIPPE,{'weight': 1.0}
HINDERAKER SVEN GUDMUND,ADE GABRIEL,{'weight': 1.0}
HINDERAKER SVEN GUDMUND,AGODOKPESSI GILDAS,{'weight': 1.0}
ADE GABRIEL,FAIHUN FRANK,{'weight': 1.0}
ADE GABRIEL,NGAHANE B H MBATCHOU,{'weight': 1.0}
ADE GABRIEL,BOHISSOU F,{'weight': 1.0}
ADE GABRIEL,MAKPENON A,{'weight': 1.0}
ADE GABRIEL,AGODOKPESSI GILDAS,{'weight': 6.0}
ADE GABRIEL,AITKHALED N,{'weight': 1.0}
ADE GABRIEL,ADJONOU CHRISTINE,{'weight': 1.0}
ADE GABRIEL,AZON SOPHIE,{'weight': 1.0}
ADE GABRIEL,BEKOU W,{'weight': 1.0}
ADE GABRIEL,ENARSON D A,{'weight': 1.0}
ADE GABRIEL,CHIANG CY,{'weight': 1.0}
ADE GABRIEL,TOUNDOH N,{'weight': 1.0}
ADE GABRIEL,WACHINOU PRUDENCE,{'weight': 4.0}
ADE GABRIEL,GNINAFON MARTIN,{'weight': 3.0}
AGODOKPESSI GILDAS,FAIHUN FRANK,{'weight': 1.0}
AGODOKPESSI GILDAS,NGAHANE B H MBATCHOU,{'weight': 1.0}
AGODOKPESSI GILDAS,BOHISSOU F,{'weight': 1.0}
AGODOKPESSI GILDAS,MAKPENON A,{'weight': 1.0}
AGODOKPESSI GILDAS,ADJONOU CHRISTINE,{'weight': 1.0}
AGODOKPESSI GILDAS,AZON SOPHIE,{'weight': 1.0}
AGODOKPESSI GILDAS,BEKOU W,{'weight': 1.0}
AGODOKPESSI GILDAS,TOUNDOH N,{'weight': 1.0}
AGODOKPESSI GILDAS,WACHINOU PRUDENCE,{'weight': 4.0}
AGODOKPESSI GILDAS,GNINAFON MARTIN,{'weight': 2.0}
MASSEREY E,ADJOBIMEY M,{'weight': 1.0}
MASSEREY E,ADJONOU CHRISTINE,{'weight': 1.0}
MASSEREY E,GBENAGNON G,{'weight': 1.0}
MASSEREY E,SCHWOEBEL V,{'weight': 1.0}
MASSEREY E,ZELLWEGER J P,{'weight': 1.0}
ADJONOU CHRISTINE,ADJOBIMEY M,{'weight': 1.0}
ADJONOU CHRISTINE,AZON SOPHIE,{'weight': 1.0}
ADJONOU CHRISTINE,GBENAGNON G,{'weight': 1.0}
ADJONOU CHRISTINE,SCHWOEBEL V,{'weight': 1.0}
ADJONOU CHRISTINE,ZELLWEGER J P,{'weight': 1.0}
GBENAGNON G,ADJOBIMEY M,{'weight': 1.0}
GBENAGNON G,SCHWOEBEL V,{'weight': 1.0}
GBENAGNON G,ZELLWEGER J P,{'weight': 1.0}
SCHWOEBEL V,ADJOBIMEY M,{'weight': 1.0}
SCHWOEBEL V,ZELLWEGER J P,{'weight': 1.0}
ZELLWEGER J P,ADJOBIMEY M,{'weight': 1.0}
ZELLWEGER J P,KASSA FERDINAND,{'weight': 1.0}
ZELLWEGER J P,LAMBREGTS K,{'weight': 1.0}
ZELLWEGER J P,GNINAFON MARTIN,{'weight': 1.0}
MERLE CORINNE S C,SMYTHE WYNAND,{'weight': 2.0}
MERLE CORINNE S C,SMITH PETER,{'weight': 2.0}
MERLE CORINNE S C,GLYNN J,{'weight': 1.0}
MERLE CORINNE S C,EJO MEBRAT,{'weight': 1.0}
MERLE CORINNE S C,FISSETTE KRISTINA,{'weight': 1.0}
MERLE CORINNE S C,NDUWAMAHORO ELIE,{'weight': 1.0}
MERLE CORINNE S C,RUSTOMJEE ROXANA,{'weight': 4.0}
MERLE CORINNE S C,GNINAFON MARTIN,{'weight': 5.0}
MERLE CORINNE S C,LO MAME BOCAR,{'weight': 4.0}
MERLE CORINNE S C,BAHSOW OUMOU,{'weight': 2.0}
MERLE CORINNE S C,OLLIARO PIERO L,{'weight': 5.0}
MERLE CORINNE S C,LIENHARDT CHRISTIAN,{'weight': 4.0}
MERLE CORINNE S C,HORTON JOHN,{'weight': 4.0}
MERLE CORINNE S C,MCILLERON HELEN,{'weight': 3.0}
MERLE CORINNE S C,SIMONSSON ULRIKA S H,{'weight': 2.0}
MERLE CORINNE S C,RIGOUTS LEEN,{'weight': 1.0}
MERLE CORINNE S C,KASSA FERDINAND,{'weight': 1.0}
MERLE CORINNE S C,FIELDING KATHERINE,{'weight': 2.0}
MERLE CORINNE S C,SOW OUMOU BAH,{'weight': 3.0}
MERLE CORINNE S C,MTHIYANE THULI,{'weight': 1.0}
MERLE CORINNE S C,ODHIAMBO JOSEPH,{'weight': 2.0}
MERLE CORINNE S C,AMUKOYE EVANS,{'weight': 1.0}
MERLE CORINNE S C,BAH BOUBACAR,{'weight': 1.0}
MERLE CORINNE S C,NDIAYE ALIMATOU,{'weight': 2.0}
MERLE CORINNE S C,DE JONG BOUKE C,{'weight': 3.0}
MERLE CORINNE S C,PERRONNE CHRISTIAN,{'weight': 2.0}
MERLE CORINNE S C,SISMANIDIS CHARALAMBOS,{'weight': 2.0}
MERLE CORINNE S C,LAPUJADE OLIVIER,{'weight': 2.0}
MERLE CORINNE S C,FLOYD S,{'weight': 1.0}
MERLE CORINNE S C,GALPERINE T,{'weight': 1.0}
MERLE CORINNE S C,FURCO A,{'weight': 1.0}
MERLE CORINNE S C,SARR MARIE,{'weight': 2.0}
MERLE CORINNE S C,GEHRE FLORIAN,{'weight': 1.0}
MERLE CORINNE S C,DE RIJK PIM,{'weight': 1.0}
MERLE CORINNE S C,UWIZEYE CECILE,{'weight': 1.0}
MERLE CORINNE S C,LINGOUPOU FANNY M,{'weight': 1.0}
MERLE CORINNE S C,BARRY MAMADOU DIAN,{'weight': 1.0}
MERLE CORINNE S C,SOW OUMOU,{'weight': 1.0}
MERLE CORINNE S C,BA FATOUMATA,{'weight': 1.0}
MERLE CORINNE S C,PIUBELLO ALBERTO,{'weight': 1.0}
MERLE CORINNE S C,ANTONIO MARTIN,{'weight': 1.0}
MERLE CORINNE S C,MITCHINSON DENIS A,{'weight': 1.0}
MERLE CORINNE S C,KHANDELWAL AKASH,{'weight': 1.0}
MERLE CORINNE S C,GOOVAERTS ODIN,{'weight': 1.0}
MERLE CORINNE S C,NOESKE JUERGEN,{'weight': 1.0}
RUSTOMJEE ROXANA,SMYTHE WYNAND,{'weight': 2.0}
RUSTOMJEE ROXANA,SMITH PETER,{'weight': 2.0}
RUSTOMJEE ROXANA,GNINAFON MARTIN,{'weight': 4.0}
RUSTOMJEE ROXANA,LO MAME BOCAR,{'weight': 4.0}
RUSTOMJEE ROXANA,BAHSOW OUMOU,{'weight': 1.0}
RUSTOMJEE ROXANA,OLLIARO PIERO L,{'weight': 4.0}
RUSTOMJEE ROXANA,LIENHARDT CHRISTIAN,{'weight': 4.0}
RUSTOMJEE ROXANA,HORTON JOHN,{'weight': 4.0}
RUSTOMJEE ROXANA,MCILLERON HELEN,{'weight': 2.0}
RUSTOMJEE ROXANA,SIMONSSON ULRIKA S H,{'weight': 2.0}
RUSTOMJEE ROXANA,KASSA FERDINAND,{'weight': 1.0}
RUSTOMJEE ROXANA,FIELDING KATHERINE,{'weight': 2.0}
RUSTOMJEE ROXANA,SOW OUMOU BAH,{'weight': 3.0}
RUSTOMJEE ROXANA,MTHIYANE THULI,{'weight': 1.0}
RUSTOMJEE ROXANA,ODHIAMBO JOSEPH,{'weight': 2.0}
RUSTOMJEE ROXANA,AMUKOYE EVANS,{'weight': 1.0}
RUSTOMJEE ROXANA,BAH BOUBACAR,{'weight': 1.0}
RUSTOMJEE ROXANA,NDIAYE ALIMATOU,{'weight': 1.0}
RUSTOMJEE ROXANA,DE JONG BOUKE C,{'weight': 1.0}
RUSTOMJEE ROXANA,PERRONNE CHRISTIAN,{'weight': 2.0}
RUSTOMJEE ROXANA,SISMANIDIS CHARALAMBOS,{'weight': 2.0}
RUSTOMJEE ROXANA,LAPUJADE OLIVIER,{'weight': 2.0}
RUSTOMJEE ROXANA,MITCHINSON DENIS A,{'weight': 1.0}
RUSTOMJEE ROXANA,KHANDELWAL AKASH,{'weight': 1.0}
GNINAFON MARTIN,OUENDO EDGARD M,{'weight': 1.0}
GNINAFON MARTIN,HOUNNANKAN ATHANASE COSSI,{'weight': 1.0}
GNINAFON MARTIN,SMYTHE WYNAND,{'weight': 2.0}
GNINAFON MARTIN,FERROUSSIER O,{'weight': 2.0}
GNINAFON MARTIN,CAPOCHICHI D,{'weight': 2.0}
GNINAFON MARTIN,AITKHALED N,{'weight': 2.0}
GNINAFON MARTIN,LOUIS JP,{'weight': 1.0}
GNINAFON MARTIN,EJO MEBRAT,{'weight': 1.0}
GNINAFON MARTIN,NOESKE JUERGEN,{'weight': 1.0}
GNINAFON MARTIN,LO MAME BOCAR,{'weight': 4.0}
GNINAFON MARTIN,BAHSOW OUMOU,{'weight': 1.0}
GNINAFON MARTIN,OLLIARO PIERO L,{'weight': 5.0}
GNINAFON MARTIN,LIENHARDT CHRISTIAN,{'weight': 4.0}
GNINAFON MARTIN,HORTON JOHN,{'weight': 4.0}
GNINAFON MARTIN,MCILLERON HELEN,{'weight': 2.0}
GNINAFON MARTIN,SIMONSSON ULRIKA S H,{'weight': 2.0}
GNINAFON MARTIN,WACHINOU PRUDENCE,{'weight': 3.0}
GNINAFON MARTIN,ADJAGBA O A B G,{'weight': 1.0}
GNINAFON MARTIN,RIGOUTS LEEN,{'weight': 1.0}
GNINAFON MARTIN,SMITH PETER,{'weight': 2.0}
GNINAFON MARTIN,KASSA FERDINAND,{'weight': 4.0}
GNINAFON MARTIN,DUJARDIN BRUNO,{'weight': 1.0}
GNINAFON MARTIN,FIELDING KATHERINE,{'weight': 2.0}
GNINAFON MARTIN,SOW OUMOU BAH,{'weight': 3.0}
GNINAFON MARTIN,MTHIYANE THULI,{'weight': 1.0}
GNINAFON MARTIN,ODHIAMBO JOSEPH,{'weight': 2.0}
GNINAFON MARTIN,ROBERT JEROME,{'weight': 1.0}
GNINAFON MARTIN,BAH BOUBACAR,{'weight': 1.0}
GNINAFON MARTIN,NDIAYE ALIMATOU,{'weight': 1.0}
GNINAFON MARTIN,AMUKOYE EVANS,{'weight': 1.0}
GNINAFON MARTIN,PERRONNE CHRISTIAN,{'weight': 2.0}
GNINAFON MARTIN,SISMANIDIS CHARALAMBOS,{'weight': 2.0}
GNINAFON MARTIN,LAPUJADE OLIVIER,{'weight': 2.0}
GNINAFON MARTIN,ACHO YAPO BLAISE,{'weight': 1.0}
GNINAFON MARTIN,SHANG H,{'weight': 1.0}
GNINAFON MARTIN,SARR MARIE,{'weight': 1.0}
GNINAFON MARTIN,GEHRE FLORIAN,{'weight': 1.0}
GNINAFON MARTIN,DE RIJK PIM,{'weight': 1.0}
GNINAFON MARTIN,UWIZEYE CECILE,{'weight': 1.0}
GNINAFON MARTIN,LINGOUPOU FANNY M,{'weight': 1.0}
GNINAFON MARTIN,BARRY MAMADOU DIAN,{'weight': 1.0}
GNINAFON MARTIN,SOW OUMOU,{'weight': 1.0}
GNINAFON MARTIN,DLODLO R A,{'weight': 2.0}
GNINAFON MARTIN,PIUBELLO ALBERTO,{'weight': 1.0}
GNINAFON MARTIN,ANTONIO MARTIN,{'weight': 1.0}
GNINAFON MARTIN,NGAHANE B H MBATCHOU,{'weight': 1.0}
GNINAFON MARTIN,BOHISSOU F,{'weight': 1.0}
GNINAFON MARTIN,MITCHINSON DENIS A,{'weight': 1.0}
GNINAFON MARTIN,RIEDER H L,{'weight': 1.0}
GNINAFON MARTIN,AKPONA R,{'weight': 1.0}
GNINAFON MARTIN,ALIDJINOU K,{'weight': 1.0}
GNINAFON MARTIN,TAWO LEON,{'weight': 2.0}
GNINAFON MARTIN,BOILLOT F,{'weight': 2.0}
GNINAFON MARTIN,KHANDELWAL AKASH,{'weight': 1.0}
GNINAFON MARTIN,FUJIWARA P I,{'weight': 2.0}
GNINAFON MARTIN,MONTEIRO GR,{'weight': 1.0}
GNINAFON MARTIN,ANAGONOU S Y,{'weight': 1.0}
GNINAFON MARTIN,CHIANG CY,{'weight': 1.0}
GNINAFON MARTIN,LAOKRI SAMIA,{'weight': 1.0}
GNINAFON MARTIN,BOULAHBAL F,{'weight': 1.0}
GNINAFON MARTIN,TANIMOMOKLEDJO B,{'weight': 1.0}
GNINAFON MARTIN,DE JONG BOUKE C,{'weight': 2.0}
GNINAFON MARTIN,BA FATOUMATA,{'weight': 1.0}
GNINAFON MARTIN,FISSETTE KRISTINA,{'weight': 1.0}
GNINAFON MARTIN,AMOUSSOUHUI ARNAUD,{'weight': 1.0}
GNINAFON MARTIN,LAMBREGTS K,{'weight': 3.0}
GNINAFON MARTIN,ZELLWEGER JR,{'weight': 1.0}
GNINAFON MARTIN,NDUWAMAHORO ELIE,{'weight': 1.0}
GNINAFON MARTIN,ENARSON D A,{'weight': 1.0}
GNINAFON MARTIN,GOOVAERTS ODIN,{'weight': 1.0}
GNINAFON MARTIN,AWOKOU FANTCHE,{'weight': 1.0}
GNINAFON MARTIN,NOLNA DESIRE,{'weight': 1.0}
GNINAFON MARTIN,MANOUAN BILE ADOU PHILIPPE,{'weight': 1.0}
LO MAME BOCAR,SMYTHE WYNAND,{'weight': 2.0}
LO MAME BOCAR,SMITH PETER,{'weight': 2.0}
LO MAME BOCAR,BAHSOW OUMOU,{'weight': 1.0}
LO MAME BOCAR,OLLIARO PIERO L,{'weight': 4.0}
LO MAME BOCAR,LIENHARDT CHRISTIAN,{'weight': 4.0}
LO MAME BOCAR,HORTON JOHN,{'weight': 4.0}
LO MAME BOCAR,MCILLERON HELEN,{'weight': 2.0}
LO MAME BOCAR,SIMONSSON ULRIKA S H,{'weight': 2.0}
LO MAME BOCAR,KASSA FERDINAND,{'weight': 1.0}
LO MAME BOCAR,FIELDING KATHERINE,{'weight': 2.0}
LO MAME BOCAR,SOW OUMOU BAH,{'weight': 3.0}
LO MAME BOCAR,MTHIYANE THULI,{'weight': 1.0}
LO MAME BOCAR,ODHIAMBO JOSEPH,{'weight': 2.0}
LO MAME BOCAR,AMUKOYE EVANS,{'weight': 1.0}
LO MAME BOCAR,BAH BOUBACAR,{'weight': 1.0}
LO MAME BOCAR,NDIAYE ALIMATOU,{'weight': 1.0}
LO MAME BOCAR,DE JONG BOUKE C,{'weight': 1.0}
LO MAME BOCAR,PERRONNE CHRISTIAN,{'weight': 2.0}
LO MAME BOCAR,SISMANIDIS CHARALAMBOS,{'weight': 2.0}
LO MAME BOCAR,LAPUJADE OLIVIER,{'weight': 2.0}
LO MAME BOCAR,MITCHINSON DENIS A,{'weight': 1.0}
LO MAME BOCAR,KHANDELWAL AKASH,{'weight': 1.0}
BAHSOW OUMOU,MCILLERON HELEN,{'weight': 2.0}
BAHSOW OUMOU,SMYTHE WYNAND,{'weight': 1.0}
BAHSOW OUMOU,SMITH PETER,{'weight': 1.0}
BAHSOW OUMOU,GALPERINE T,{'weight': 1.0}
BAHSOW OUMOU,NDIAYE ALIMATOU,{'weight': 1.0}
BAHSOW OUMOU,DE JONG BOUKE C,{'weight': 1.0}
BAHSOW OUMOU,GLYNN J,{'weight': 1.0}
BAHSOW OUMOU,FLOYD S,{'weight': 1.0}
BAHSOW OUMOU,OLLIARO PIERO L,{'weight': 1.0}
BAHSOW OUMOU,LIENHARDT CHRISTIAN,{'weight': 1.0}
BAHSOW OUMOU,HORTON JOHN,{'weight': 1.0}
BAHSOW OUMOU,SARR MARIE,{'weight': 1.0}
BAHSOW OUMOU,SIMONSSON ULRIKA S H,{'weight': 1.0}
BAHSOW OUMOU,FURCO A,{'weight': 1.0}
OLLIARO PIERO L,SMYTHE WYNAND,{'weight': 2.0}
OLLIARO PIERO L,SMITH PETER,{'weight': 2.0}
OLLIARO PIERO L,EJO MEBRAT,{'weight': 1.0}
OLLIARO PIERO L,FISSETTE KRISTINA,{'weight': 1.0}
OLLIARO PIERO L,LIENHARDT CHRISTIAN,{'weight': 4.0}
OLLIARO PIERO L,HORTON JOHN,{'weight': 4.0}
OLLIARO PIERO L,MCILLERON HELEN,{'weight': 2.0}
OLLIARO PIERO L,SIMONSSON ULRIKA S H,{'weight': 2.0}
OLLIARO PIERO L,RIGOUTS LEEN,{'weight': 1.0}
OLLIARO PIERO L,KASSA FERDINAND,{'weight': 1.0}
OLLIARO PIERO L,FIELDING KATHERINE,{'weight': 2.0}
OLLIARO PIERO L,SOW OUMOU BAH,{'weight': 3.0}
OLLIARO PIERO L,MTHIYANE THULI,{'weight': 1.0}
OLLIARO PIERO L,ODHIAMBO JOSEPH,{'weight': 2.0}
OLLIARO PIERO L,AMUKOYE EVANS,{'weight': 1.0}
OLLIARO PIERO L,BAH BOUBACAR,{'weight': 1.0}
OLLIARO PIERO L,NDIAYE ALIMATOU,{'weight': 1.0}
OLLIARO PIERO L,DE JONG BOUKE C,{'weight': 2.0}
OLLIARO PIERO L,PERRONNE CHRISTIAN,{'weight': 2.0}
OLLIARO PIERO L,SISMANIDIS CHARALAMBOS,{'weight': 2.0}
OLLIARO PIERO L,LAPUJADE OLIVIER,{'weight': 2.0}
OLLIARO PIERO L,SARR MARIE,{'weight': 1.0}
OLLIARO PIERO L,GEHRE FLORIAN,{'weight': 1.0}
OLLIARO PIERO L,DE RIJK PIM,{'weight': 1.0}
OLLIARO PIERO L,UWIZEYE CECILE,{'weight': 1.0}
OLLIARO PIERO L,LINGOUPOU FANNY M,{'weight': 1.0}
OLLIARO PIERO L,BARRY MAMADOU DIAN,{'weight': 1.0}
OLLIARO PIERO L,SOW OUMOU,{'weight': 1.0}
OLLIARO PIERO L,BA FATOUMATA,{'weight': 1.0}
OLLIARO PIERO L,PIUBELLO ALBERTO,{'weight': 1.0}
OLLIARO PIERO L,ANTONIO MARTIN,{'weight': 1.0}
OLLIARO PIERO L,MITCHINSON DENIS A,{'weight': 1.0}
OLLIARO PIERO L,KHANDELWAL AKASH,{'weight': 1.0}
OLLIARO PIERO L,NDUWAMAHORO ELIE,{'weight': 1.0}
OLLIARO PIERO L,GOOVAERTS ODIN,{'weight': 1.0}
OLLIARO PIERO L,NOESKE JUERGEN,{'weight': 1.0}
LIENHARDT CHRISTIAN,SMYTHE WYNAND,{'weight': 2.0}
LIENHARDT CHRISTIAN,SMITH PETER,{'weight': 2.0}
LIENHARDT CHRISTIAN,HORTON JOHN,{'weight': 4.0}
LIENHARDT CHRISTIAN,MCILLERON HELEN,{'weight': 2.0}
LIENHARDT CHRISTIAN,SIMONSSON ULRIKA S H,{'weight': 2.0}
LIENHARDT CHRISTIAN,KASSA FERDINAND,{'weight': 1.0}
LIENHARDT CHRISTIAN,FIELDING KATHERINE,{'weight': 2.0}
LIENHARDT CHRISTIAN,SOW OUMOU BAH,{'weight': 3.0}
LIENHARDT CHRISTIAN,MTHIYANE THULI,{'weight': 1.0}
LIENHARDT CHRISTIAN,ODHIAMBO JOSEPH,{'weight': 2.0}
LIENHARDT CHRISTIAN,AMUKOYE EVANS,{'weight': 1.0}
LIENHARDT CHRISTIAN,BAH BOUBACAR,{'weight': 1.0}
LIENHARDT CHRISTIAN,NDIAYE ALIMATOU,{'weight': 1.0}
LIENHARDT CHRISTIAN,DE JONG BOUKE C,{'weight': 1.0}
LIENHARDT CHRISTIAN,PERRONNE CHRISTIAN,{'weight': 2.0}
LIENHARDT CHRISTIAN,SISMANIDIS CHARALAMBOS,{'weight': 2.0}
LIENHARDT CHRISTIAN,LAPUJADE OLIVIER,{'weight': 2.0}
LIENHARDT CHRISTIAN,MITCHINSON DENIS A,{'weight': 1.0}
LIENHARDT CHRISTIAN,KHANDELWAL AKASH,{'weight': 1.0}
HORTON JOHN,SMYTHE WYNAND,{'weight': 2.0}
HORTON JOHN,SMITH PETER,{'weight': 2.0}
HORTON JOHN,MCILLERON HELEN,{'weight': 2.0}
HORTON JOHN,SIMONSSON ULRIKA S H,{'weight': 2.0}
HORTON JOHN,KASSA FERDINAND,{'weight': 1.0}
HORTON JOHN,FIELDING KATHERINE,{'weight': 2.0}
HORTON JOHN,SOW OUMOU BAH,{'weight': 3.0}
HORTON JOHN,MTHIYANE THULI,{'weight': 1.0}
HORTON JOHN,ODHIAMBO JOSEPH,{'weight': 2.0}
HORTON JOHN,AMUKOYE EVANS,{'weight': 1.0}
HORTON JOHN,BAH BOUBACAR,{'weight': 1.0}
HORTON JOHN,NDIAYE ALIMATOU,{'weight': 1.0}
HORTON JOHN,DE JONG BOUKE C,{'weight': 1.0}
HORTON JOHN,PERRONNE CHRISTIAN,{'weight': 2.0}
HORTON JOHN,SISMANIDIS CHARALAMBOS,{'weight': 2.0}
HORTON JOHN,LAPUJADE OLIVIER,{'weight': 2.0}
HORTON JOHN,MITCHINSON DENIS A,{'weight': 1.0}
HORTON JOHN,KHANDELWAL AKASH,{'weight': 1.0}
MCILLERON HELEN,FLOYD S,{'weight': 1.0}
MCILLERON HELEN,SMYTHE WYNAND,{'weight': 2.0}
MCILLERON HELEN,SMITH PETER,{'weight': 2.0}
MCILLERON HELEN,SOW OUMOU BAH,{'weight': 1.0}
MCILLERON HELEN,KHANDELWAL AKASH,{'weight': 1.0}
MCILLERON HELEN,GALPERINE T,{'weight': 1.0}
MCILLERON HELEN,NDIAYE ALIMATOU,{'weight': 1.0}
MCILLERON HELEN,DE JONG BOUKE C,{'weight': 1.0}
MCILLERON HELEN,GLYNN J,{'weight': 1.0}
MCILLERON HELEN,SARR MARIE,{'weight': 1.0}
MCILLERON HELEN,SIMONSSON ULRIKA S H,{'weight': 2.0}
MCILLERON HELEN,FURCO A,{'weight': 1.0}
SIMONSSON ULRIKA S H,SMYTHE WYNAND,{'weight': 2.0}
SIMONSSON ULRIKA S H,SMITH PETER,{'weight': 2.0}
SIMONSSON ULRIKA S H,SOW OUMOU BAH,{'weight': 1.0}
SIMONSSON ULRIKA S H,KHANDELWAL AKASH,{'weight': 1.0}
WACHINOU PRUDENCE,NGAHANE B H MBATCHOU,{'weight': 1.0}
WACHINOU PRUDENCE,BOHISSOU F,{'weight': 1.0}
WACHINOU PRUDENCE,MAKPENON A,{'weight': 1.0}
WACHINOU PRUDENCE,AKPONA R,{'weight': 1.0}
WACHINOU PRUDENCE,CARSON S S,{'weight': 1.0}
WACHINOU PRUDENCE,ALIDJINOU K,{'weight': 1.0}
WACHINOU PRUDENCE,BAGUIDI R,{'weight': 1.0}
WACHINOU PRUDENCE,BEKOU W,{'weight': 1.0}
WACHINOU PRUDENCE,FAIHUN FRANK,{'weight': 1.0}
WACHINOU PRUDENCE,AMIDOU S A,{'weight': 1.0}
WACHINOU PRUDENCE,TOUNDOH N,{'weight': 1.0}
SENOU N,VAN DEUN A,{'weight': 1.0}
SENOU N,TORREA G,{'weight': 1.0}
SENOU N,LIGALI M ALI,{'weight': 1.0}
LIGALI M ALI,VAN DEUN A,{'weight': 1.0}
LIGALI M ALI,TORREA G,{'weight': 1.0}
VAN DEUN A,TORREA G,{'weight': 1.0}
FAIHUN FRANK,TOUNDOH N,{'weight': 1.0}
FAIHUN FRANK,BEKOU W,{'weight': 1.0}
FAIHUN FRANK,MAKPENON A,{'weight': 1.0}
FAIHUN FRANK,ANYO GLADYS,{'weight': 2.0}
FAIHUN FRANK,SHAMPUTA ISDORE CHOLA,{'weight': 2.0}
FAIHUN FRANK,RIGOUTS LEEN,{'weight': 2.0}
FAIHUN FRANK,DE JONG BOUKE C,{'weight': 1.0}
FAIHUN FRANK,GEHRE FLORIAN,{'weight': 1.0}
FAIHUN FRANK,DE RIJK PIM,{'weight': 1.0}
FAIHUN FRANK,UWIZEYE CECILE,{'weight': 1.0}
FAIHUN FRANK,ANTONIO MARTIN,{'weight': 1.0}
ANYO GLADYS,SHAMPUTA ISDORE CHOLA,{'weight': 2.0}
ANYO GLADYS,RIGOUTS LEEN,{'weight': 2.0}
SHAMPUTA ISDORE CHOLA,RIGOUTS LEEN,{'weight': 2.0}
RIGOUTS LEEN,EJO MEBRAT,{'weight': 1.0}
RIGOUTS LEEN,FISSETTE KRISTINA,{'weight': 1.0}
RIGOUTS LEEN,NDUWAMAHORO ELIE,{'weight': 1.0}
RIGOUTS LEEN,GOOVAERTS ODIN,{'weight': 1.0}
RIGOUTS LEEN,DE JONG BOUKE C,{'weight': 1.0}
RIGOUTS LEEN,SARR MARIE,{'weight': 1.0}
RIGOUTS LEEN,GEHRE FLORIAN,{'weight': 1.0}
RIGOUTS LEEN,DE RIJK PIM,{'weight': 1.0}
RIGOUTS LEEN,UWIZEYE CECILE,{'weight': 1.0}
RIGOUTS LEEN,LINGOUPOU FANNY M,{'weight': 1.0}
RIGOUTS LEEN,BARRY MAMADOU DIAN,{'weight': 1.0}
RIGOUTS LEEN,SOW OUMOU,{'weight': 1.0}
RIGOUTS LEEN,BA FATOUMATA,{'weight': 1.0}
RIGOUTS LEEN,PIUBELLO ALBERTO,{'weight': 1.0}
RIGOUTS LEEN,ANTONIO MARTIN,{'weight': 1.0}
RIGOUTS LEEN,NOESKE JUERGEN,{'weight': 1.0}
LAOKRI SAMIA,AMOUSSOUHUI ARNAUD,{'weight': 1.0}
LAOKRI SAMIA,OUENDO EDGARD M,{'weight': 1.0}
LAOKRI SAMIA,HOUNNANKAN ATHANASE COSSI,{'weight': 1.0}
LAOKRI SAMIA,KASSA FERDINAND,{'weight': 2.0}
LAOKRI SAMIA,DUJARDIN BRUNO,{'weight': 2.0}
LAOKRI SAMIA,DRAMAIXWILMET MICHELE,{'weight': 1.0}
LAOKRI SAMIA,TAWO LEON,{'weight': 1.0}
KASSA FERDINAND,AMOUSSOUHUI ARNAUD,{'weight': 1.0}
KASSA FERDINAND,OUENDO EDGARD M,{'weight': 1.0}
KASSA FERDINAND,HOUNNANKAN ATHANASE COSSI,{'weight': 1.0}
KASSA FERDINAND,DRAMAIXWILMET MICHELE,{'weight': 1.0}
KASSA FERDINAND,MONTEIRO GR,{'weight': 1.0}
KASSA FERDINAND,ZELLWEGER JR,{'weight': 1.0}
KASSA FERDINAND,SHANG H,{'weight': 1.0}
KASSA FERDINAND,DUJARDIN BRUNO,{'weight': 2.0}
KASSA FERDINAND,FIELDING KATHERINE,{'weight': 1.0}
KASSA FERDINAND,SOW OUMOU BAH,{'weight': 1.0}
KASSA FERDINAND,MTHIYANE THULI,{'weight': 1.0}
KASSA FERDINAND,ODHIAMBO JOSEPH,{'weight': 1.0}
KASSA FERDINAND,AMUKOYE EVANS,{'weight': 1.0}
KASSA FERDINAND,BAH BOUBACAR,{'weight': 1.0}
KASSA FERDINAND,NDIAYE ALIMATOU,{'weight': 1.0}
KASSA FERDINAND,DE JONG BOUKE C,{'weight': 1.0}
KASSA FERDINAND,PERRONNE CHRISTIAN,{'weight': 1.0}
KASSA FERDINAND,SISMANIDIS CHARALAMBOS,{'weight': 1.0}
KASSA FERDINAND,LAPUJADE OLIVIER,{'weight': 1.0}
KASSA FERDINAND,TAWO LEON,{'weight': 2.0}
KASSA FERDINAND,LAMBREGTS K,{'weight': 2.0}
DUJARDIN BRUNO,AMOUSSOUHUI ARNAUD,{'weight': 1.0}
DUJARDIN BRUNO,OUENDO EDGARD M,{'weight': 1.0}
DUJARDIN BRUNO,HOUNNANKAN ATHANASE COSSI,{'weight': 1.0}
DUJARDIN BRUNO,DRAMAIXWILMET MICHELE,{'weight': 1.0}
DUJARDIN BRUNO,TAWO LEON,{'weight': 1.0}
FIELDING KATHERINE,MITCHINSON DENIS A,{'weight': 1.0}
FIELDING KATHERINE,SOW OUMOU BAH,{'weight': 2.0}
FIELDING KATHERINE,MTHIYANE THULI,{'weight': 1.0}
FIELDING KATHERINE,ODHIAMBO JOSEPH,{'weight': 2.0}
FIELDING KATHERINE,AMUKOYE EVANS,{'weight': 1.0}
FIELDING KATHERINE,BAH BOUBACAR,{'weight': 1.0}
FIELDING KATHERINE,NDIAYE ALIMATOU,{'weight': 1.0}
FIELDING KATHERINE,DE JONG BOUKE C,{'weight': 1.0}
FIELDING KATHERINE,PERRONNE CHRISTIAN,{'weight': 2.0}
FIELDING KATHERINE,SISMANIDIS CHARALAMBOS,{'weight': 2.0}
FIELDING KATHERINE,LAPUJADE OLIVIER,{'weight': 2.0}
SOW OUMOU BAH,SMYTHE WYNAND,{'weight': 1.0}
SOW OUMOU BAH,SMITH PETER,{'weight': 1.0}
SOW OUMOU BAH,MTHIYANE THULI,{'weight': 1.0}
SOW OUMOU BAH,ODHIAMBO JOSEPH,{'weight': 2.0}
SOW OUMOU BAH,AMUKOYE EVANS,{'weight': 1.0}
SOW OUMOU BAH,BAH BOUBACAR,{'weight': 1.0}
SOW OUMOU BAH,NDIAYE ALIMATOU,{'weight': 1.0}
SOW OUMOU BAH,DE JONG BOUKE C,{'weight': 1.0}
SOW OUMOU BAH,PERRONNE CHRISTIAN,{'weight': 2.0}
SOW OUMOU BAH,SISMANIDIS CHARALAMBOS,{'weight': 2.0}
SOW OUMOU BAH,LAPUJADE OLIVIER,{'weight': 2.0}
SOW OUMOU BAH,MITCHINSON DENIS A,{'weight': 1.0}
SOW OUMOU BAH,KHANDELWAL AKASH,{'weight': 1.0}
MTHIYANE THULI,ODHIAMBO JOSEPH,{'weight': 1.0}
MTHIYANE THULI,AMUKOYE EVANS,{'weight': 1.0}
MTHIYANE THULI,BAH BOUBACAR,{'weight': 1.0}
MTHIYANE THULI,NDIAYE ALIMATOU,{'weight': 1.0}
MTHIYANE THULI,DE JONG BOUKE C,{'weight': 1.0}
MTHIYANE THULI,PERRONNE CHRISTIAN,{'weight': 1.0}
MTHIYANE THULI,SISMANIDIS CHARALAMBOS,{'weight': 1.0}
MTHIYANE THULI,LAPUJADE OLIVIER,{'weight': 1.0}
ODHIAMBO JOSEPH,MITCHINSON DENIS A,{'weight': 1.0}
ODHIAMBO JOSEPH,AMUKOYE EVANS,{'weight': 1.0}
ODHIAMBO JOSEPH,BAH BOUBACAR,{'weight': 1.0}
ODHIAMBO JOSEPH,NDIAYE ALIMATOU,{'weight': 1.0}
ODHIAMBO JOSEPH,DE JONG BOUKE C,{'weight': 1.0}
ODHIAMBO JOSEPH,PERRONNE CHRISTIAN,{'weight': 2.0}
ODHIAMBO JOSEPH,SISMANIDIS CHARALAMBOS,{'weight': 2.0}
ODHIAMBO JOSEPH,LAPUJADE OLIVIER,{'weight': 2.0}
AMUKOYE EVANS,BAH BOUBACAR,{'weight': 1.0}
AMUKOYE EVANS,NDIAYE ALIMATOU,{'weight': 1.0}
AMUKOYE EVANS,DE JONG BOUKE C,{'weight': 1.0}
AMUKOYE EVANS,PERRONNE CHRISTIAN,{'weight': 1.0}
AMUKOYE EVANS,SISMANIDIS CHARALAMBOS,{'weight': 1.0}
AMUKOYE EVANS,LAPUJADE OLIVIER,{'weight': 1.0}
BAH BOUBACAR,NDIAYE ALIMATOU,{'weight': 1.0}
BAH BOUBACAR,DE JONG BOUKE C,{'weight': 1.0}
BAH BOUBACAR,PERRONNE CHRISTIAN,{'weight': 1.0}
BAH BOUBACAR,SISMANIDIS CHARALAMBOS,{'weight': 1.0}
BAH BOUBACAR,LAPUJADE OLIVIER,{'weight': 1.0}
NDIAYE ALIMATOU,GLYNN J,{'weight': 1.0}
NDIAYE ALIMATOU,DE JONG BOUKE C,{'weight': 2.0}
NDIAYE ALIMATOU,PERRONNE CHRISTIAN,{'weight': 1.0}
NDIAYE ALIMATOU,SISMANIDIS CHARALAMBOS,{'weight': 1.0}
NDIAYE ALIMATOU,LAPUJADE OLIVIER,{'weight': 1.0}
NDIAYE ALIMATOU,FLOYD S,{'weight': 1.0}
NDIAYE ALIMATOU,GALPERINE T,{'weight': 1.0}
NDIAYE ALIMATOU,FURCO A,{'weight': 1.0}
NDIAYE ALIMATOU,SARR MARIE,{'weight': 1.0}
DE JONG BOUKE C,GLYNN J,{'weight': 1.0}
DE JONG BOUKE C,EJO MEBRAT,{'weight': 1.0}
DE JONG BOUKE C,FISSETTE KRISTINA,{'weight': 1.0}
DE JONG BOUKE C,ISAACS C,{'weight': 1.0}
DE JONG BOUKE C,PERRONNE CHRISTIAN,{'weight': 1.0}
DE JONG BOUKE C,SISMANIDIS CHARALAMBOS,{'weight': 1.0}
DE JONG BOUKE C,LAPUJADE OLIVIER,{'weight': 1.0}
DE JONG BOUKE C,FLOYD S,{'weight': 1.0}
DE JONG BOUKE C,GALPERINE T,{'weight': 1.0}
DE JONG BOUKE C,FURCO A,{'weight': 1.0}
DE JONG BOUKE C,SARR MARIE,{'weight': 2.0}
DE JONG BOUKE C,GEHRE FLORIAN,{'weight': 2.0}
DE JONG BOUKE C,DE RIJK PIM,{'weight': 2.0}
DE JONG BOUKE C,UWIZEYE CECILE,{'weight': 2.0}
DE JONG BOUKE C,LINGOUPOU FANNY M,{'weight': 1.0}
DE JONG BOUKE C,BARRY MAMADOU DIAN,{'weight': 1.0}
DE JONG BOUKE C,SOW OUMOU,{'weight': 1.0}
DE JONG BOUKE C,BA FATOUMATA,{'weight': 1.0}
DE JONG BOUKE C,PIUBELLO ALBERTO,{'weight': 1.0}
DE JONG BOUKE C,ANTONIO MARTIN,{'weight': 2.0}
DE JONG BOUKE C,ANDRE E,{'weight': 1.0}
DE JONG BOUKE C,ALAGNA R,{'weight': 1.0}
DE JONG BOUKE C,BROCKMANN D,{'weight': 1.0}
DE JONG BOUKE C,CAMBAU E,{'weight': 1.0}
DE JONG BOUKE C,CHURCHYARD G,{'weight': 1.0}
DE JONG BOUKE C,COHEN T,{'weight': 1.0}
DE JONG BOUKE C,DELMEE M,{'weight': 1.0}
DE JONG BOUKE C,FARHAT M,{'weight': 1.0}
DE JONG BOUKE C,HABIB A,{'weight': 1.0}
DE JONG BOUKE C,HOLME R,{'weight': 1.0}
DE JONG BOUKE C,DELVENNE J C,{'weight': 1.0}
DE JONG BOUKE C,KHAN A,{'weight': 1.0}
DE JONG BOUKE C,LIGHTFOOT P,{'weight': 1.0}
DE JONG BOUKE C,MOORE D,{'weight': 1.0}
DE JONG BOUKE C,MORENO Y,{'weight': 1.0}
DE JONG BOUKE C,MUNDADE Y,{'weight': 1.0}
DE JONG BOUKE C,PAI M,{'weight': 1.0}
DE JONG BOUKE C,PATEL S,{'weight': 1.0}
DE JONG BOUKE C,NYARUHIRIRA A U,{'weight': 1.0}
DE JONG BOUKE C,ROCHA L E C,{'weight': 1.0}
DE JONG BOUKE C,TAKLE J,{'weight': 1.0}
DE JONG BOUKE C,CRESWELL J,{'weight': 1.0}
DE JONG BOUKE C,BOEHME C,{'weight': 1.0}
DE JONG BOUKE C,NDUWAMAHORO ELIE,{'weight': 1.0}
DE JONG BOUKE C,KESHAVJEE S,{'weight': 1.0}
DE JONG BOUKE C,GOOVAERTS ODIN,{'weight': 1.0}
DE JONG BOUKE C,NOESKE JUERGEN,{'weight': 1.0}
PERRONNE CHRISTIAN,MITCHINSON DENIS A,{'weight': 1.0}
PERRONNE CHRISTIAN,SISMANIDIS CHARALAMBOS,{'weight': 2.0}
PERRONNE CHRISTIAN,LAPUJADE OLIVIER,{'weight': 2.0}
SISMANIDIS CHARALAMBOS,MITCHINSON DENIS A,{'weight': 1.0}
SISMANIDIS CHARALAMBOS,LAPUJADE OLIVIER,{'weight': 2.0}
LAPUJADE OLIVIER,MITCHINSON DENIS A,{'weight': 1.0}
FLOYD S,GLYNN J,{'weight': 1.0}
FLOYD S,GALPERINE T,{'weight': 1.0}
FLOYD S,FURCO A,{'weight': 1.0}
FLOYD S,SARR MARIE,{'weight': 1.0}
GALPERINE T,GLYNN J,{'weight': 1.0}
GALPERINE T,FURCO A,{'weight': 1.0}
GALPERINE T,SARR MARIE,{'weight': 1.0}
FURCO A,GLYNN J,{'weight': 1.0}
FURCO A,SARR MARIE,{'weight': 1.0}
SARR MARIE,GLYNN J,{'weight': 1.0}
SARR MARIE,EJO MEBRAT,{'weight': 1.0}
SARR MARIE,FISSETTE KRISTINA,{'weight': 1.0}
SARR MARIE,NDUWAMAHORO ELIE,{'weight': 1.0}
SARR MARIE,GOOVAERTS ODIN,{'weight': 1.0}
SARR MARIE,GEHRE FLORIAN,{'weight': 1.0}
SARR MARIE,DE RIJK PIM,{'weight': 1.0}
SARR MARIE,UWIZEYE CECILE,{'weight': 1.0}
SARR MARIE,LINGOUPOU FANNY M,{'weight': 1.0}
SARR MARIE,BARRY MAMADOU DIAN,{'weight': 1.0}
SARR MARIE,SOW OUMOU,{'weight': 1.0}
SARR MARIE,BA FATOUMATA,{'weight': 1.0}
SARR MARIE,PIUBELLO ALBERTO,{'weight': 1.0}
SARR MARIE,ANTONIO MARTIN,{'weight': 1.0}
SARR MARIE,NOESKE JUERGEN,{'weight': 1.0}
GEHRE FLORIAN,EJO MEBRAT,{'weight': 1.0}
GEHRE FLORIAN,FISSETTE KRISTINA,{'weight': 1.0}
GEHRE FLORIAN,NDUWAMAHORO ELIE,{'weight': 1.0}
GEHRE FLORIAN,GOOVAERTS ODIN,{'weight': 1.0}
GEHRE FLORIAN,DE RIJK PIM,{'weight': 2.0}
GEHRE FLORIAN,UWIZEYE CECILE,{'weight': 2.0}
GEHRE FLORIAN,LINGOUPOU FANNY M,{'weight': 1.0}
GEHRE FLORIAN,BARRY MAMADOU DIAN,{'weight': 1.0}
GEHRE FLORIAN,SOW OUMOU,{'weight': 1.0}
GEHRE FLORIAN,BA FATOUMATA,{'weight': 1.0}
GEHRE FLORIAN,PIUBELLO ALBERTO,{'weight': 1.0}
GEHRE FLORIAN,ANTONIO MARTIN,{'weight': 2.0}
GEHRE FLORIAN,NOESKE JUERGEN,{'weight': 1.0}
DE RIJK PIM,EJO MEBRAT,{'weight': 1.0}
DE RIJK PIM,FISSETTE KRISTINA,{'weight': 1.0}
DE RIJK PIM,NDUWAMAHORO ELIE,{'weight': 1.0}
DE RIJK PIM,GOOVAERTS ODIN,{'weight': 1.0}
DE RIJK PIM,UWIZEYE CECILE,{'weight': 2.0}
DE RIJK PIM,LINGOUPOU FANNY M,{'weight': 1.0}
DE RIJK PIM,BARRY MAMADOU DIAN,{'weight': 1.0}
DE RIJK PIM,SOW OUMOU,{'weight': 1.0}
DE RIJK PIM,BA FATOUMATA,{'weight': 1.0}
DE RIJK PIM,PIUBELLO ALBERTO,{'weight': 1.0}
DE RIJK PIM,ANTONIO MARTIN,{'weight': 2.0}
DE RIJK PIM,NOESKE JUERGEN,{'weight': 1.0}
UWIZEYE CECILE,EJO MEBRAT,{'weight': 1.0}
UWIZEYE CECILE,FISSETTE KRISTINA,{'weight': 1.0}
UWIZEYE CECILE,NDUWAMAHORO ELIE,{'weight': 1.0}
UWIZEYE CECILE,GOOVAERTS ODIN,{'weight': 1.0}
UWIZEYE CECILE,LINGOUPOU FANNY M,{'weight': 1.0}
UWIZEYE CECILE,BARRY MAMADOU DIAN,{'weight': 1.0}
UWIZEYE CECILE,SOW OUMOU,{'weight': 1.0}
UWIZEYE CECILE,BA FATOUMATA,{'weight': 1.0}
UWIZEYE CECILE,PIUBELLO ALBERTO,{'weight': 1.0}
UWIZEYE CECILE,ANTONIO MARTIN,{'weight': 2.0}
UWIZEYE CECILE,NOESKE JUERGEN,{'weight': 1.0}
LINGOUPOU FANNY M,EJO MEBRAT,{'weight': 1.0}
LINGOUPOU FANNY M,ANTONIO MARTIN,{'weight': 1.0}
LINGOUPOU FANNY M,NDUWAMAHORO ELIE,{'weight': 1.0}
LINGOUPOU FANNY M,FISSETTE KRISTINA,{'weight': 1.0}
LINGOUPOU FANNY M,GOOVAERTS ODIN,{'weight': 1.0}
LINGOUPOU FANNY M,BARRY MAMADOU DIAN,{'weight': 1.0}
LINGOUPOU FANNY M,SOW OUMOU,{'weight': 1.0}
LINGOUPOU FANNY M,BA FATOUMATA,{'weight': 1.0}
LINGOUPOU FANNY M,PIUBELLO ALBERTO,{'weight': 1.0}
LINGOUPOU FANNY M,NOESKE JUERGEN,{'weight': 1.0}
BARRY MAMADOU DIAN,EJO MEBRAT,{'weight': 1.0}
BARRY MAMADOU DIAN,NDUWAMAHORO ELIE,{'weight': 1.0}
BARRY MAMADOU DIAN,FISSETTE KRISTINA,{'weight': 1.0}
BARRY MAMADOU DIAN,GOOVAERTS ODIN,{'weight': 1.0}
BARRY MAMADOU DIAN,ANTONIO MARTIN,{'weight': 1.0}
BARRY MAMADOU DIAN,SOW OUMOU,{'weight': 1.0}
BARRY MAMADOU DIAN,BA FATOUMATA,{'weight': 1.0}
BARRY MAMADOU DIAN,PIUBELLO ALBERTO,{'weight': 1.0}
BARRY MAMADOU DIAN,NOESKE JUERGEN,{'weight': 1.0}
SOW OUMOU,EJO MEBRAT,{'weight': 1.0}
SOW OUMOU,ANTONIO MARTIN,{'weight': 1.0}
SOW OUMOU,NDUWAMAHORO ELIE,{'weight': 1.0}
SOW OUMOU,FISSETTE KRISTINA,{'weight': 1.0}
SOW OUMOU,GOOVAERTS ODIN,{'weight': 1.0}
SOW OUMOU,BA FATOUMATA,{'weight': 1.0}
SOW OUMOU,PIUBELLO ALBERTO,{'weight': 1.0}
SOW OUMOU,NOESKE JUERGEN,{'weight': 1.0}
BA FATOUMATA,EJO MEBRAT,{'weight': 1.0}
BA FATOUMATA,ANTONIO MARTIN,{'weight': 1.0}
BA FATOUMATA,NDUWAMAHORO ELIE,{'weight': 1.0}
BA FATOUMATA,FISSETTE KRISTINA,{'weight': 1.0}
BA FATOUMATA,GOOVAERTS ODIN,{'weight': 1.0}
BA FATOUMATA,PIUBELLO ALBERTO,{'weight': 1.0}
BA FATOUMATA,NOESKE JUERGEN,{'weight': 1.0}
PIUBELLO ALBERTO,EJO MEBRAT,{'weight': 1.0}
PIUBELLO ALBERTO,ANTONIO MARTIN,{'weight': 1.0}
PIUBELLO ALBERTO,NDUWAMAHORO ELIE,{'weight': 1.0}
PIUBELLO ALBERTO,FISSETTE KRISTINA,{'weight': 1.0}
PIUBELLO ALBERTO,GOOVAERTS ODIN,{'weight': 1.0}
PIUBELLO ALBERTO,NOESKE JUERGEN,{'weight': 1.0}
ANTONIO MARTIN,EJO MEBRAT,{'weight': 1.0}
ANTONIO MARTIN,FISSETTE KRISTINA,{'weight': 1.0}
ANTONIO MARTIN,NDUWAMAHORO ELIE,{'weight': 1.0}
ANTONIO MARTIN,GOOVAERTS ODIN,{'weight': 1.0}
ANTONIO MARTIN,NOESKE JUERGEN,{'weight': 1.0}
BAGUIDI R,CARSON S S,{'weight': 1.0}
BAGUIDI R,AMIDOU S A,{'weight': 1.0}
CARSON S S,AMIDOU S A,{'weight': 1.0}
NGAHANE B H MBATCHOU,BOHISSOU F,{'weight': 1.0}
AKPONA R,ALIDJINOU K,{'weight': 1.0}
TAWO LEON,AMOUSSOUHUI ARNAUD,{'weight': 1.0}
TAWO LEON,OUENDO EDGARD M,{'weight': 1.0}
TAWO LEON,HOUNNANKAN ATHANASE COSSI,{'weight': 1.0}
TAWO LEON,LAMBREGTS K,{'weight': 1.0}
TAWO LEON,MONTEIRO GR,{'weight': 1.0}
TAWO LEON,ZELLWEGER JR,{'weight': 1.0}
TAWO LEON,SHANG H,{'weight': 1.0}
LAMBREGTS K,MONTEIRO GR,{'weight': 1.0}
LAMBREGTS K,ZELLWEGER JR,{'weight': 1.0}
LAMBREGTS K,SHANG H,{'weight': 1.0}
LAMBREGTS K,BOULAHBAL F,{'weight': 1.0}
KHANDELWAL AKASH,SMYTHE WYNAND,{'weight': 1.0}
KHANDELWAL AKASH,SMITH PETER,{'weight': 1.0}
BURNEY P,HOA N B,{'weight': 1.0}
BURNEY P,SCHLUGER N W,{'weight': 1.0}
BURNEY P,CASTRO J L,{'weight': 1.0}
HOA N B,SCHLUGER N W,{'weight': 1.0}
HOA N B,CASTRO J L,{'weight': 1.0}
SCHLUGER N W,CASTRO J L,{'weight': 1.0}
ANDRE E,ISAACS C,{'weight': 1.0}
ANDRE E,DELVENNE J C,{'weight': 1.0}
ANDRE E,ALAGNA R,{'weight': 1.0}
ANDRE E,BROCKMANN D,{'weight': 1.0}
ANDRE E,CAMBAU E,{'weight': 1.0}
ANDRE E,CHURCHYARD G,{'weight': 1.0}
ANDRE E,COHEN T,{'weight': 1.0}
ANDRE E,DELMEE M,{'weight': 1.0}
ANDRE E,FARHAT M,{'weight': 1.0}
ANDRE E,HABIB A,{'weight': 1.0}
ANDRE E,HOLME R,{'weight': 1.0}
ANDRE E,KESHAVJEE S,{'weight': 1.0}
ANDRE E,KHAN A,{'weight': 1.0}
ANDRE E,LIGHTFOOT P,{'weight': 1.0}
ANDRE E,MOORE D,{'weight': 1.0}
ANDRE E,MORENO Y,{'weight': 1.0}
ANDRE E,MUNDADE Y,{'weight': 1.0}
ANDRE E,PAI M,{'weight': 1.0}
ANDRE E,PATEL S,{'weight': 1.0}
ANDRE E,NYARUHIRIRA A U,{'weight': 1.0}
ANDRE E,ROCHA L E C,{'weight': 1.0}
ANDRE E,TAKLE J,{'weight': 1.0}
ANDRE E,CRESWELL J,{'weight': 1.0}
ANDRE E,BOEHME C,{'weight': 1.0}
ALAGNA R,ISAACS C,{'weight': 1.0}
ALAGNA R,DELVENNE J C,{'weight': 1.0}
ALAGNA R,BROCKMANN D,{'weight': 1.0}
ALAGNA R,CAMBAU E,{'weight': 1.0}
ALAGNA R,CHURCHYARD G,{'weight': 1.0}
ALAGNA R,COHEN T,{'weight': 1.0}
ALAGNA R,DELMEE M,{'weight': 1.0}
ALAGNA R,FARHAT M,{'weight': 1.0}
ALAGNA R,HABIB A,{'weight': 1.0}
ALAGNA R,HOLME R,{'weight': 1.0}
ALAGNA R,KESHAVJEE S,{'weight': 1.0}
ALAGNA R,KHAN A,{'weight': 1.0}
ALAGNA R,LIGHTFOOT P,{'weight': 1.0}
ALAGNA R,MOORE D,{'weight': 1.0}
ALAGNA R,MORENO Y,{'weight': 1.0}
ALAGNA R,MUNDADE Y,{'weight': 1.0}
ALAGNA R,PAI M,{'weight': 1.0}
ALAGNA R,PATEL S,{'weight': 1.0}
ALAGNA R,NYARUHIRIRA A U,{'weight': 1.0}
ALAGNA R,ROCHA L E C,{'weight': 1.0}
ALAGNA R,TAKLE J,{'weight': 1.0}
ALAGNA R,CRESWELL J,{'weight': 1.0}
ALAGNA R,BOEHME C,{'weight': 1.0}
BROCKMANN D,ISAACS C,{'weight': 1.0}
BROCKMANN D,DELVENNE J C,{'weight': 1.0}
BROCKMANN D,CAMBAU E,{'weight': 1.0}
BROCKMANN D,CHURCHYARD G,{'weight': 1.0}
BROCKMANN D,COHEN T,{'weight': 1.0}
BROCKMANN D,DELMEE M,{'weight': 1.0}
BROCKMANN D,FARHAT M,{'weight': 1.0}
BROCKMANN D,HABIB A,{'weight': 1.0}
BROCKMANN D,HOLME R,{'weight': 1.0}
BROCKMANN D,KESHAVJEE S,{'weight': 1.0}
BROCKMANN D,KHAN A,{'weight': 1.0}
BROCKMANN D,LIGHTFOOT P,{'weight': 1.0}
BROCKMANN D,MOORE D,{'weight': 1.0}
BROCKMANN D,MORENO Y,{'weight': 1.0}
BROCKMANN D,MUNDADE Y,{'weight': 1.0}
BROCKMANN D,PAI M,{'weight': 1.0}
BROCKMANN D,PATEL S,{'weight': 1.0}
BROCKMANN D,NYARUHIRIRA A U,{'weight': 1.0}
BROCKMANN D,ROCHA L E C,{'weight': 1.0}
BROCKMANN D,TAKLE J,{'weight': 1.0}
BROCKMANN D,CRESWELL J,{'weight': 1.0}
BROCKMANN D,BOEHME C,{'weight': 1.0}
CAMBAU E,ISAACS C,{'weight': 1.0}
CAMBAU E,DELVENNE J C,{'weight': 1.0}
CAMBAU E,CHURCHYARD G,{'weight': 1.0}
CAMBAU E,COHEN T,{'weight': 1.0}
CAMBAU E,DELMEE M,{'weight': 1.0}
CAMBAU E,FARHAT M,{'weight': 1.0}
CAMBAU E,HABIB A,{'weight': 1.0}
CAMBAU E,HOLME R,{'weight': 1.0}
CAMBAU E,KESHAVJEE S,{'weight': 1.0}
CAMBAU E,KHAN A,{'weight': 1.0}
CAMBAU E,LIGHTFOOT P,{'weight': 1.0}
CAMBAU E,MOORE D,{'weight': 1.0}
CAMBAU E,MORENO Y,{'weight': 1.0}
CAMBAU E,MUNDADE Y,{'weight': 1.0}
CAMBAU E,PAI M,{'weight': 1.0}
CAMBAU E,PATEL S,{'weight': 1.0}
CAMBAU E,NYARUHIRIRA A U,{'weight': 1.0}
CAMBAU E,ROCHA L E C,{'weight': 1.0}
CAMBAU E,TAKLE J,{'weight': 1.0}
CAMBAU E,CRESWELL J,{'weight': 1.0}
CAMBAU E,BOEHME C,{'weight': 1.0}
CHURCHYARD G,ISAACS C,{'weight': 1.0}
CHURCHYARD G,DELVENNE J C,{'weight': 1.0}
CHURCHYARD G,COHEN T,{'weight': 1.0}
CHURCHYARD G,DELMEE M,{'weight': 1.0}
CHURCHYARD G,FARHAT M,{'weight': 1.0}
CHURCHYARD G,HABIB A,{'weight': 1.0}
CHURCHYARD G,HOLME R,{'weight': 1.0}
CHURCHYARD G,KESHAVJEE S,{'weight': 1.0}
CHURCHYARD G,KHAN A,{'weight': 1.0}
CHURCHYARD G,LIGHTFOOT P,{'weight': 1.0}
CHURCHYARD G,MOORE D,{'weight': 1.0}
CHURCHYARD G,MORENO Y,{'weight': 1.0}
CHURCHYARD G,MUNDADE Y,{'weight': 1.0}
CHURCHYARD G,PAI M,{'weight': 1.0}
CHURCHYARD G,PATEL S,{'weight': 1.0}
CHURCHYARD G,NYARUHIRIRA A U,{'weight': 1.0}
CHURCHYARD G,ROCHA L E C,{'weight': 1.0}
CHURCHYARD G,TAKLE J,{'weight': 1.0}
CHURCHYARD G,CRESWELL J,{'weight': 1.0}
CHURCHYARD G,BOEHME C,{'weight': 1.0}
COHEN T,ISAACS C,{'weight': 1.0}
COHEN T,DELVENNE J C,{'weight': 1.0}
COHEN T,DELMEE M,{'weight': 1.0}
COHEN T,FARHAT M,{'weight': 1.0}
COHEN T,HABIB A,{'weight': 1.0}
COHEN T,HOLME R,{'weight': 1.0}
COHEN T,KESHAVJEE S,{'weight': 1.0}
COHEN T,KHAN A,{'weight': 1.0}
COHEN T,LIGHTFOOT P,{'weight': 1.0}
COHEN T,MOORE D,{'weight': 1.0}
COHEN T,MORENO Y,{'weight': 1.0}
COHEN T,MUNDADE Y,{'weight': 1.0}
COHEN T,PAI M,{'weight': 1.0}
COHEN T,PATEL S,{'weight': 1.0}
COHEN T,NYARUHIRIRA A U,{'weight': 1.0}
COHEN T,ROCHA L E C,{'weight': 1.0}
COHEN T,TAKLE J,{'weight': 1.0}
COHEN T,CRESWELL J,{'weight': 1.0}
COHEN T,BOEHME C,{'weight': 1.0}
DELMEE M,ISAACS C,{'weight': 1.0}
DELMEE M,DELVENNE J C,{'weight': 1.0}
DELMEE M,FARHAT M,{'weight': 1.0}
DELMEE M,HABIB A,{'weight': 1.0}
DELMEE M,HOLME R,{'weight': 1.0}
DELMEE M,KESHAVJEE S,{'weight': 1.0}
DELMEE M,KHAN A,{'weight': 1.0}
DELMEE M,LIGHTFOOT P,{'weight': 1.0}
DELMEE M,MOORE D,{'weight': 1.0}
DELMEE M,MORENO Y,{'weight': 1.0}
DELMEE M,MUNDADE Y,{'weight': 1.0}
DELMEE M,PAI M,{'weight': 1.0}
DELMEE M,PATEL S,{'weight': 1.0}
DELMEE M,NYARUHIRIRA A U,{'weight': 1.0}
DELMEE M,ROCHA L E C,{'weight': 1.0}
DELMEE M,TAKLE J,{'weight': 1.0}
DELMEE M,CRESWELL J,{'weight': 1.0}
DELMEE M,BOEHME C,{'weight': 1.0}
FARHAT M,ISAACS C,{'weight': 1.0}
FARHAT M,DELVENNE J C,{'weight': 1.0}
FARHAT M,HABIB A,{'weight': 1.0}
FARHAT M,HOLME R,{'weight': 1.0}
FARHAT M,KESHAVJEE S,{'weight': 1.0}
FARHAT M,KHAN A,{'weight': 1.0}
FARHAT M,LIGHTFOOT P,{'weight': 1.0}
FARHAT M,MOORE D,{'weight': 1.0}
FARHAT M,MORENO Y,{'weight': 1.0}
FARHAT M,MUNDADE Y,{'weight': 1.0}
FARHAT M,PAI M,{'weight': 1.0}
FARHAT M,PATEL S,{'weight': 1.0}
FARHAT M,NYARUHIRIRA A U,{'weight': 1.0}
FARHAT M,ROCHA L E C,{'weight': 1.0}
FARHAT M,TAKLE J,{'weight': 1.0}
FARHAT M,CRESWELL J,{'weight': 1.0}
FARHAT M,BOEHME C,{'weight': 1.0}
HABIB A,ISAACS C,{'weight': 1.0}
HABIB A,DELVENNE J C,{'weight': 1.0}
HABIB A,HOLME R,{'weight': 1.0}
HABIB A,KESHAVJEE S,{'weight': 1.0}
HABIB A,KHAN A,{'weight': 1.0}
HABIB A,LIGHTFOOT P,{'weight': 1.0}
HABIB A,MOORE D,{'weight': 1.0}
HABIB A,MORENO Y,{'weight': 1.0}
HABIB A,MUNDADE Y,{'weight': 1.0}
HABIB A,PAI M,{'weight': 1.0}
HABIB A,PATEL S,{'weight': 1.0}
HABIB A,NYARUHIRIRA A U,{'weight': 1.0}
HABIB A,ROCHA L E C,{'weight': 1.0}
HABIB A,TAKLE J,{'weight': 1.0}
HABIB A,CRESWELL J,{'weight': 1.0}
HABIB A,BOEHME C,{'weight': 1.0}
HOLME R,ISAACS C,{'weight': 1.0}
HOLME R,DELVENNE J C,{'weight': 1.0}
HOLME R,KESHAVJEE S,{'weight': 1.0}
HOLME R,KHAN A,{'weight': 1.0}
HOLME R,LIGHTFOOT P,{'weight': 1.0}
HOLME R,MOORE D,{'weight': 1.0}
HOLME R,MORENO Y,{'weight': 1.0}
HOLME R,MUNDADE Y,{'weight': 1.0}
HOLME R,PAI M,{'weight': 1.0}
HOLME R,PATEL S,{'weight': 1.0}
HOLME R,NYARUHIRIRA A U,{'weight': 1.0}
HOLME R,ROCHA L E C,{'weight': 1.0}
HOLME R,TAKLE J,{'weight': 1.0}
HOLME R,CRESWELL J,{'weight': 1.0}
HOLME R,BOEHME C,{'weight': 1.0}
KESHAVJEE S,ISAACS C,{'weight': 1.0}
KESHAVJEE S,DELVENNE J C,{'weight': 1.0}
KESHAVJEE S,KHAN A,{'weight': 1.0}
KESHAVJEE S,LIGHTFOOT P,{'weight': 1.0}
KESHAVJEE S,MOORE D,{'weight': 1.0}
KESHAVJEE S,MORENO Y,{'weight': 1.0}
KESHAVJEE S,MUNDADE Y,{'weight': 1.0}
KESHAVJEE S,PAI M,{'weight': 1.0}
KESHAVJEE S,PATEL S,{'weight': 1.0}
KESHAVJEE S,NYARUHIRIRA A U,{'weight': 1.0}
KESHAVJEE S,ROCHA L E C,{'weight': 1.0}
KESHAVJEE S,TAKLE J,{'weight': 1.0}
KESHAVJEE S,CRESWELL J,{'weight': 1.0}
KESHAVJEE S,BOEHME C,{'weight': 1.0}
KHAN A,ISAACS C,{'weight': 1.0}
KHAN A,DELVENNE J C,{'weight': 1.0}
KHAN A,LIGHTFOOT P,{'weight': 1.0}
KHAN A,MOORE D,{'weight': 1.0}
KHAN A,MORENO Y,{'weight': 1.0}
KHAN A,MUNDADE Y,{'weight': 1.0}
KHAN A,PAI M,{'weight': 1.0}
KHAN A,PATEL S,{'weight': 1.0}
KHAN A,NYARUHIRIRA A U,{'weight': 1.0}
KHAN A,ROCHA L E C,{'weight': 1.0}
KHAN A,TAKLE J,{'weight': 1.0}
KHAN A,CRESWELL J,{'weight': 1.0}
KHAN A,BOEHME C,{'weight': 1.0}
LIGHTFOOT P,ISAACS C,{'weight': 1.0}
LIGHTFOOT P,DELVENNE J C,{'weight': 1.0}
LIGHTFOOT P,MOORE D,{'weight': 1.0}
LIGHTFOOT P,MORENO Y,{'weight': 1.0}
LIGHTFOOT P,MUNDADE Y,{'weight': 1.0}
LIGHTFOOT P,PAI M,{'weight': 1.0}
LIGHTFOOT P,PATEL S,{'weight': 1.0}
LIGHTFOOT P,NYARUHIRIRA A U,{'weight': 1.0}
LIGHTFOOT P,ROCHA L E C,{'weight': 1.0}
LIGHTFOOT P,TAKLE J,{'weight': 1.0}
LIGHTFOOT P,CRESWELL J,{'weight': 1.0}
LIGHTFOOT P,BOEHME C,{'weight': 1.0}
MOORE D,ISAACS C,{'weight': 1.0}
MOORE D,DELVENNE J C,{'weight': 1.0}
MOORE D,MORENO Y,{'weight': 1.0}
MOORE D,MUNDADE Y,{'weight': 1.0}
MOORE D,PAI M,{'weight': 1.0}
MOORE D,PATEL S,{'weight': 1.0}
MOORE D,NYARUHIRIRA A U,{'weight': 1.0}
MOORE D,ROCHA L E C,{'weight': 1.0}
MOORE D,TAKLE J,{'weight': 1.0}
MOORE D,CRESWELL J,{'weight': 1.0}
MOORE D,BOEHME C,{'weight': 1.0}
MORENO Y,ISAACS C,{'weight': 1.0}
MORENO Y,DELVENNE J C,{'weight': 1.0}
MORENO Y,MUNDADE Y,{'weight': 1.0}
MORENO Y,PAI M,{'weight': 1.0}
MORENO Y,PATEL S,{'weight': 1.0}
MORENO Y,NYARUHIRIRA A U,{'weight': 1.0}
MORENO Y,ROCHA L E C,{'weight': 1.0}
MORENO Y,TAKLE J,{'weight': 1.0}
MORENO Y,CRESWELL J,{'weight': 1.0}
MORENO Y,BOEHME C,{'weight': 1.0}
MUNDADE Y,ISAACS C,{'weight': 1.0}
MUNDADE Y,DELVENNE J C,{'weight': 1.0}
MUNDADE Y,PAI M,{'weight': 1.0}
MUNDADE Y,PATEL S,{'weight': 1.0}
MUNDADE Y,NYARUHIRIRA A U,{'weight': 1.0}
MUNDADE Y,ROCHA L E C,{'weight': 1.0}
MUNDADE Y,TAKLE J,{'weight': 1.0}
MUNDADE Y,CRESWELL J,{'weight': 1.0}
MUNDADE Y,BOEHME C,{'weight': 1.0}
PAI M,ISAACS C,{'weight': 1.0}
PAI M,DELVENNE J C,{'weight': 1.0}
PAI M,PATEL S,{'weight': 1.0}
PAI M,NYARUHIRIRA A U,{'weight': 1.0}
PAI M,ROCHA L E C,{'weight': 1.0}
PAI M,TAKLE J,{'weight': 1.0}
PAI M,CRESWELL J,{'weight': 1.0}
PAI M,BOEHME C,{'weight': 1.0}
PATEL S,ISAACS C,{'weight': 1.0}
PATEL S,DELVENNE J C,{'weight': 1.0}
PATEL S,NYARUHIRIRA A U,{'weight': 1.0}
PATEL S,ROCHA L E C,{'weight': 1.0}
PATEL S,TAKLE J,{'weight': 1.0}
PATEL S,CRESWELL J,{'weight': 1.0}
PATEL S,BOEHME C,{'weight': 1.0}
NYARUHIRIRA A U,ISAACS C,{'weight': 1.0}
NYARUHIRIRA A U,DELVENNE J C,{'weight': 1.0}
NYARUHIRIRA A U,ROCHA L E C,{'weight': 1.0}
NYARUHIRIRA A U,TAKLE J,{'weight': 1.0}
NYARUHIRIRA A U,CRESWELL J,{'weight': 1.0}
NYARUHIRIRA A U,BOEHME C,{'weight': 1.0}
ROCHA L E C,ISAACS C,{'weight': 1.0}
ROCHA L E C,DELVENNE J C,{'weight': 1.0}
ROCHA L E C,TAKLE J,{'weight': 1.0}
ROCHA L E C,CRESWELL J,{'weight': 1.0}
ROCHA L E C,BOEHME C,{'weight': 1.0}
TAKLE J,ISAACS C,{'weight': 1.0}
TAKLE J,DELVENNE J C,{'weight': 1.0}
TAKLE J,CRESWELL J,{'weight': 1.0}
TAKLE J,BOEHME C,{'weight': 1.0}
CRESWELL J,ISAACS C,{'weight': 1.0}
CRESWELL J,DELVENNE J C,{'weight': 1.0}
CRESWELL J,BOEHME C,{'weight': 1.0}
BOEHME C,ISAACS C,{'weight': 1.0}
BOEHME C,DELVENNE J C,{'weight': 1.0}
EKOUEVI D K,JAQUET A,{'weight': 1.0}
EKOUEVI D K,ABOUBAKRINE M,{'weight': 1.0}
EKOUEVI D K,BASHI J,{'weight': 1.0}
EKOUEVI D K,MESSOU E,{'weight': 1.0}
EKOUEVI D K,MAIGA M,{'weight': 1.0}
EKOUEVI D K,TRAORE H A,{'weight': 1.0}
EKOUEVI D K,ZANNOU M,{'weight': 1.0}
EKOUEVI D K,GUEHI C,{'weight': 1.0}
EKOUEVI D K,MINGA A,{'weight': 1.0}
EKOUEVI D K,ALLOU G,{'weight': 1.0}
EKOUEVI D K,EHOLIE S P,{'weight': 1.0}
EKOUEVI D K,BISSAGNENE E,{'weight': 1.0}
EKOUEVI D K,SASCO A J,{'weight': 1.0}
EKOUEVI D K,DABIS F,{'weight': 1.0}
EKOUEVI D K,BAGOMIS F O,{'weight': 1.0}
ABOUBAKRINE M,JAQUET A,{'weight': 1.0}
ABOUBAKRINE M,BAGOMIS F O,{'weight': 1.0}
ABOUBAKRINE M,BASHI J,{'weight': 1.0}
ABOUBAKRINE M,MESSOU E,{'weight': 1.0}
ABOUBAKRINE M,MAIGA M,{'weight': 1.0}
ABOUBAKRINE M,TRAORE H A,{'weight': 1.0}
ABOUBAKRINE M,ZANNOU M,{'weight': 1.0}
ABOUBAKRINE M,GUEHI C,{'weight': 1.0}
ABOUBAKRINE M,MINGA A,{'weight': 1.0}
ABOUBAKRINE M,ALLOU G,{'weight': 1.0}
ABOUBAKRINE M,EHOLIE S P,{'weight': 1.0}
ABOUBAKRINE M,BISSAGNENE E,{'weight': 1.0}
ABOUBAKRINE M,SASCO A J,{'weight': 1.0}
ABOUBAKRINE M,DABIS F,{'weight': 1.0}
BASHI J,JAQUET A,{'weight': 1.0}
BASHI J,DABIS F,{'weight': 1.0}
BASHI J,MESSOU E,{'weight': 1.0}
BASHI J,MAIGA M,{'weight': 1.0}
BASHI J,TRAORE H A,{'weight': 1.0}
BASHI J,ZANNOU M,{'weight': 1.0}
BASHI J,GUEHI C,{'weight': 1.0}
BASHI J,MINGA A,{'weight': 1.0}
BASHI J,ALLOU G,{'weight': 1.0}
BASHI J,EHOLIE S P,{'weight': 1.0}
BASHI J,BISSAGNENE E,{'weight': 1.0}
BASHI J,SASCO A J,{'weight': 1.0}
BASHI J,BAGOMIS F O,{'weight': 1.0}
MESSOU E,JAQUET A,{'weight': 1.0}
MESSOU E,SASCO A J,{'weight': 1.0}
MESSOU E,MAIGA M,{'weight': 1.0}
MESSOU E,TRAORE H A,{'weight': 1.0}
MESSOU E,ZANNOU M,{'weight': 1.0}
MESSOU E,GUEHI C,{'weight': 1.0}
MESSOU E,MINGA A,{'weight': 1.0}
MESSOU E,ALLOU G,{'weight': 1.0}
MESSOU E,EHOLIE S P,{'weight': 1.0}
MESSOU E,BISSAGNENE E,{'weight': 1.0}
MESSOU E,DABIS F,{'weight': 1.0}
MESSOU E,BAGOMIS F O,{'weight': 1.0}
MAIGA M,JAQUET A,{'weight': 1.0}
MAIGA M,TRAORE H A,{'weight': 1.0}
MAIGA M,ZANNOU M,{'weight': 1.0}
MAIGA M,GUEHI C,{'weight': 1.0}
MAIGA M,MINGA A,{'weight': 1.0}
MAIGA M,ALLOU G,{'weight': 1.0}
MAIGA M,EHOLIE S P,{'weight': 1.0}
MAIGA M,BISSAGNENE E,{'weight': 1.0}
MAIGA M,SASCO A J,{'weight': 1.0}
MAIGA M,DABIS F,{'weight': 1.0}
MAIGA M,BAGOMIS F O,{'weight': 1.0}
TRAORE H A,JAQUET A,{'weight': 1.0}
TRAORE H A,BAGOMIS F O,{'weight': 1.0}
TRAORE H A,ZANNOU M,{'weight': 1.0}
TRAORE H A,GUEHI C,{'weight': 1.0}
TRAORE H A,MINGA A,{'weight': 1.0}
TRAORE H A,ALLOU G,{'weight': 1.0}
TRAORE H A,EHOLIE S P,{'weight': 1.0}
TRAORE H A,BISSAGNENE E,{'weight': 1.0}
TRAORE H A,SASCO A J,{'weight': 1.0}
TRAORE H A,DABIS F,{'weight': 1.0}
ZANNOU M,JAQUET A,{'weight': 1.0}
ZANNOU M,GUEHI C,{'weight': 1.0}
ZANNOU M,MINGA A,{'weight': 1.0}
ZANNOU M,ALLOU G,{'weight': 1.0}
ZANNOU M,EHOLIE S P,{'weight': 1.0}
ZANNOU M,BISSAGNENE E,{'weight': 1.0}
ZANNOU M,SASCO A J,{'weight': 1.0}
ZANNOU M,DABIS F,{'weight': 1.0}
ZANNOU M,BAGOMIS F O,{'weight': 1.0}
GUEHI C,JAQUET A,{'weight': 1.0}
GUEHI C,MINGA A,{'weight': 1.0}
GUEHI C,ALLOU G,{'weight': 1.0}
GUEHI C,EHOLIE S P,{'weight': 1.0}
GUEHI C,BISSAGNENE E,{'weight': 1.0}
GUEHI C,SASCO A J,{'weight': 1.0}
GUEHI C,DABIS F,{'weight': 1.0}
GUEHI C,BAGOMIS F O,{'weight': 1.0}
MINGA A,JAQUET A,{'weight': 1.0}
MINGA A,ALLOU G,{'weight': 1.0}
MINGA A,EHOLIE S P,{'weight': 1.0}
MINGA A,BISSAGNENE E,{'weight': 1.0}
MINGA A,SASCO A J,{'weight': 1.0}
MINGA A,DABIS F,{'weight': 1.0}
MINGA A,BAGOMIS F O,{'weight': 1.0}
ALLOU G,JAQUET A,{'weight': 1.0}
ALLOU G,EHOLIE S P,{'weight': 1.0}
ALLOU G,BISSAGNENE E,{'weight': 1.0}
ALLOU G,SASCO A J,{'weight': 1.0}
ALLOU G,DABIS F,{'weight': 1.0}
ALLOU G,BAGOMIS F O,{'weight': 1.0}
EHOLIE S P,JAQUET A,{'weight': 1.0}
EHOLIE S P,BISSAGNENE E,{'weight': 1.0}
EHOLIE S P,SASCO A J,{'weight': 1.0}
EHOLIE S P,DABIS F,{'weight': 1.0}
EHOLIE S P,BAGOMIS F O,{'weight': 1.0}
BISSAGNENE E,JAQUET A,{'weight': 1.0}
BISSAGNENE E,DABIS F,{'weight': 1.0}
BISSAGNENE E,SASCO A J,{'weight': 1.0}
BISSAGNENE E,BAGOMIS F O,{'weight': 1.0}
IMPERIALE BELEN,VANDAMME PETER,{'weight': 1.0}
IMPERIALE BELEN,RAVOLONANDRIANA PASCALINE,{'weight': 1.0}
IMPERIALE BELEN,COBAN AHMET YILMAZ,{'weight': 1.0}
IMPERIALE BELEN,AKGUNES ALPER,{'weight': 1.0}
IMPERIALE BELEN,IKRAM AAMER,{'weight': 1.0}
IMPERIALE BELEN,SATTI LUQMAN,{'weight': 1.0}
IMPERIALE BELEN,PANDEY POOJA,{'weight': 1.0}
IMPERIALE BELEN,MISHRA MANVI,{'weight': 1.0}
IMPERIALE BELEN,SINGH URVASHI,{'weight': 1.0}
IMPERIALE BELEN,RASOLOFO VOAHANGY,{'weight': 1.0}
IMPERIALE BELEN,MORCILLO NORA,{'weight': 1.0}
RAVOLONANDRIANA PASCALINE,VANDAMME PETER,{'weight': 1.0}
RAVOLONANDRIANA PASCALINE,COBAN AHMET YILMAZ,{'weight': 1.0}
RAVOLONANDRIANA PASCALINE,AKGUNES ALPER,{'weight': 1.0}
RAVOLONANDRIANA PASCALINE,IKRAM AAMER,{'weight': 1.0}
RAVOLONANDRIANA PASCALINE,SATTI LUQMAN,{'weight': 1.0}
RAVOLONANDRIANA PASCALINE,PANDEY POOJA,{'weight': 1.0}
RAVOLONANDRIANA PASCALINE,MISHRA MANVI,{'weight': 1.0}
RAVOLONANDRIANA PASCALINE,SINGH URVASHI,{'weight': 1.0}
RAVOLONANDRIANA PASCALINE,RASOLOFO VOAHANGY,{'weight': 1.0}
RAVOLONANDRIANA PASCALINE,MORCILLO NORA,{'weight': 1.0}
COBAN AHMET YILMAZ,VANDAMME PETER,{'weight': 1.0}
COBAN AHMET YILMAZ,AKGUNES ALPER,{'weight': 1.0}
COBAN AHMET YILMAZ,IKRAM AAMER,{'weight': 1.0}
COBAN AHMET YILMAZ,SATTI LUQMAN,{'weight': 1.0}
COBAN AHMET YILMAZ,PANDEY POOJA,{'weight': 1.0}
COBAN AHMET YILMAZ,MISHRA MANVI,{'weight': 1.0}
COBAN AHMET YILMAZ,SINGH URVASHI,{'weight': 1.0}
COBAN AHMET YILMAZ,RASOLOFO VOAHANGY,{'weight': 1.0}
COBAN AHMET YILMAZ,MORCILLO NORA,{'weight': 1.0}
AKGUNES ALPER,VANDAMME PETER,{'weight': 1.0}
AKGUNES ALPER,IKRAM AAMER,{'weight': 1.0}
AKGUNES ALPER,SATTI LUQMAN,{'weight': 1.0}
AKGUNES ALPER,PANDEY POOJA,{'weight': 1.0}
AKGUNES ALPER,MISHRA MANVI,{'weight': 1.0}
AKGUNES ALPER,SINGH URVASHI,{'weight': 1.0}
AKGUNES ALPER,RASOLOFO VOAHANGY,{'weight': 1.0}
AKGUNES ALPER,MORCILLO NORA,{'weight': 1.0}
IKRAM AAMER,VANDAMME PETER,{'weight': 1.0}
IKRAM AAMER,SATTI LUQMAN,{'weight': 1.0}
IKRAM AAMER,PANDEY POOJA,{'weight': 1.0}
IKRAM AAMER,MISHRA MANVI,{'weight': 1.0}
IKRAM AAMER,SINGH URVASHI,{'weight': 1.0}
IKRAM AAMER,RASOLOFO VOAHANGY,{'weight': 1.0}
IKRAM AAMER,MORCILLO NORA,{'weight': 1.0}
SATTI LUQMAN,VANDAMME PETER,{'weight': 1.0}
SATTI LUQMAN,PANDEY POOJA,{'weight': 1.0}
SATTI LUQMAN,MISHRA MANVI,{'weight': 1.0}
SATTI LUQMAN,SINGH URVASHI,{'weight': 1.0}
SATTI LUQMAN,RASOLOFO VOAHANGY,{'weight': 1.0}
SATTI LUQMAN,MORCILLO NORA,{'weight': 1.0}
PANDEY POOJA,VANDAMME PETER,{'weight': 1.0}
PANDEY POOJA,MISHRA MANVI,{'weight': 1.0}
PANDEY POOJA,SINGH URVASHI,{'weight': 1.0}
PANDEY POOJA,RASOLOFO VOAHANGY,{'weight': 1.0}
PANDEY POOJA,MORCILLO NORA,{'weight': 1.0}
MISHRA MANVI,VANDAMME PETER,{'weight': 1.0}
MISHRA MANVI,SINGH URVASHI,{'weight': 1.0}
MISHRA MANVI,RASOLOFO VOAHANGY,{'weight': 1.0}
MISHRA MANVI,MORCILLO NORA,{'weight': 1.0}
SINGH URVASHI,VANDAMME PETER,{'weight': 1.0}
SINGH URVASHI,RASOLOFO VOAHANGY,{'weight': 1.0}
SINGH URVASHI,MORCILLO NORA,{'weight': 1.0}
RASOLOFO VOAHANGY,VANDAMME PETER,{'weight': 1.0}
RASOLOFO VOAHANGY,MORCILLO NORA,{'weight': 1.0}
MORCILLO NORA,VANDAMME PETER,{'weight': 1.0}
AWOKOU FANTCHE,ACHO YAPO BLAISE,{'weight': 1.0}
AWOKOU FANTCHE,ROBERT JEROME,{'weight': 1.0}
AWOKOU FANTCHE,NOLNA DESIRE,{'weight': 1.0}
AWOKOU FANTCHE,MANOUAN BILE ADOU PHILIPPE,{'weight': 1.0}
NOLNA DESIRE,ACHO YAPO BLAISE,{'weight': 1.0}
NOLNA DESIRE,ROBERT JEROME,{'weight': 1.0}
NOLNA DESIRE,MANOUAN BILE ADOU PHILIPPE,{'weight': 1.0}
MANOUAN BILE ADOU PHILIPPE,ACHO YAPO BLAISE,{'weight': 1.0}
MANOUAN BILE ADOU PHILIPPE,ROBERT JEROME,{'weight': 1.0}
ACHO YAPO BLAISE,ROBERT JEROME,{'weight': 1.0}
AMOUSSOUHUI ARNAUD,OUENDO EDGARD M,{'weight': 1.0}
AMOUSSOUHUI ARNAUD,HOUNNANKAN ATHANASE COSSI,{'weight': 1.0}
OUENDO EDGARD M,HOUNNANKAN ATHANASE COSSI,{'weight': 1.0}
SMYTHE WYNAND,SMITH PETER,{'weight': 2.0}
FERROUSSIER O,CAPOCHICHI D,{'weight': 2.0}
FERROUSSIER O,BOILLOT F,{'weight': 2.0}
FERROUSSIER O,FUJIWARA P I,{'weight': 2.0}
FERROUSSIER O,DLODLO R A,{'weight': 2.0}
DLODLO R A,CAPOCHICHI D,{'weight': 2.0}
DLODLO R A,BOILLOT F,{'weight': 2.0}
DLODLO R A,FUJIWARA P I,{'weight': 2.0}
CAPOCHICHI D,BOILLOT F,{'weight': 2.0}
CAPOCHICHI D,FUJIWARA P I,{'weight': 2.0}
BOILLOT F,FUJIWARA P I,{'weight': 2.0}
AITKHALED N,LOUIS JP,{'weight': 1.0}
AITKHALED N,ENARSON D A,{'weight': 1.0}
AITKHALED N,CHIANG CY,{'weight': 1.0}
EJO MEBRAT,NOESKE JUERGEN,{'weight': 1.0}
EJO MEBRAT,NDUWAMAHORO ELIE,{'weight': 1.0}
EJO MEBRAT,FISSETTE KRISTINA,{'weight': 1.0}
EJO MEBRAT,GOOVAERTS ODIN,{'weight': 1.0}
FISSETTE KRISTINA,NOESKE JUERGEN,{'weight': 1.0}
FISSETTE KRISTINA,NDUWAMAHORO ELIE,{'weight': 1.0}
FISSETTE KRISTINA,GOOVAERTS ODIN,{'weight': 1.0}
NDUWAMAHORO ELIE,NOESKE JUERGEN,{'weight': 1.0}
NDUWAMAHORO ELIE,GOOVAERTS ODIN,{'weight': 1.0}
GOOVAERTS ODIN,NOESKE JUERGEN,{'weight': 1.0}
ADJAGBA O A B G,ANAGONOU S Y,{'weight': 1.0}
ADJAGBA O A B G,TANIMOMOKLEDJO B,{'weight': 1.0}
TANIMOMOKLEDJO B,ANAGONOU S Y,{'weight': 1.0}
ENARSON D A,CHIANG CY,{'weight': 1.0}
MONTEIRO GR,ZELLWEGER JR,{'weight': 1.0}
MONTEIRO GR,SHANG H,{'weight': 1.0}
ZELLWEGER JR,SHANG H,{'weight': 1.0}
TOUNDOH N,MAKPENON A,{'weight': 1.0}
TOUNDOH N,BEKOU W,{'weight': 1.0}
BEKOU W,MAKPENON A,{'weight': 1.0}
ISAACS C,DELVENNE J C,{'weight': 1.0}
JAQUET A,SASCO A J,{'weight': 1.0}
JAQUET A,DABIS F,{'weight': 1.0}
JAQUET A,BAGOMIS F O,{'weight': 1.0}
BAGOMIS F O,SASCO A J,{'weight': 1.0}
BAGOMIS F O,DABIS F,{'weight': 1.0}
DABIS F,SASCO A J,{'weight': 1.0}
